name,due_date,modified_at,gid,
CS | Project Unity,,2025-10-31T11:21:13.019Z,1211804092781636,
CS | P0011171CLO Asset Support,,2025-10-31T09:38:36.329Z,1211803544862034,
P0010716 PSP Ongoing SEO,,2025-10-31T01:46:21.741Z,1202143771079797,
P0011251 - Middlesex: EDEV Campaign,,2025-10-31T01:23:14.973Z,1210632082153105,
Pioneer 1000 DLX,,2025-10-30T21:32:17.745Z,1211303561889356,
Quanterix Website + Branding - External Board,,2025-10-30T21:30:47.786Z,1211152613668424,
Cape Light Compact RFP Due 9/19/25,,2025-10-30T21:28:58.245Z,1211000489221402,
HHP: 2026 Production Library Shoot,,2025-10-30T19:00:49.535Z,1211796165521302,
Monday.com > Asana Migration,,2025-10-30T18:46:43.106Z,1211509195390612,
Nutanix 6sense Support - P0011289,,2025-10-30T17:18:00.834Z,1209465312910230,
P0010709 FY26 Misc. Production,,2025-10-30T17:02:38.493Z,1207226315500177,f
P0012016_FY25 Honda x Progressive Sweepstakes CRF250R,,2025-10-30T17:02:24.285Z,1211779521949692,
P0011423 - FY26 Gifts That Go Campaign ,,2025-10-30T16:49:57.204Z,1211008695786663,
Gravity Global Website Maintenance (P0003194 Gravity 9W - Internal Time),,2025-10-30T16:18:09.015Z,1209979842524419,
P0011861 Enrollment Campaign 2026 ,,2025-10-30T14:53:13.978Z,1211522454897150,
Investec - Teresa Merrien,,2025-10-30T14:10:31.632Z,1210752460917374,
P0012033 Middlesex County: Place Branding Campaign 2026,,2025-10-30T13:34:53.198Z,1211766416642659,
Agilent | Brand assets (P0010992),,2025-10-30T12:22:50.186Z,1211782443098314,
P0010793.3.1 Getac MS - Internal ,,2025-10-30T08:59:28.790Z,1209959382152384,
P0009120 - Computershare Client-facing UAT,,2025-10-30T08:38:04.539Z,1211758722556670,
P0011898 - Saluda MS,,2025-10-30T03:58:42.713Z,1211599459853096,
P0009729 Starlims MS,,2025-10-30T00:06:10.528Z,1209932426340119,
Honda Hot Sheet,,2025-10-29T23:09:27.926Z,1211773146828464,
P0011482 MDT Cardiovascular PVH Portfolio Campaign,,2025-10-29T10:49:26.697Z,1211067476695437,
Quanterix (Website + Brand P0011280)  ,,2025-10-29T04:19:53.807Z,1211058542355971,
Saluda MS - OLD,,2025-10-29T00:06:53.145Z,1209999063177095,
Valley View Farm Tasks,,2025-10-28T21:37:06.328Z,1211708636249178,
Kalsec Paid Media - P0004604,,2025-10-28T19:56:42.111Z,1205969737442327,
February 10th Model Release - P0010956 (FY26),,2025-10-28T19:32:34.175Z,1211360528039513,
Beeline ABM & Creative Retainer - Job P0006383,,2025-10-28T19:25:16.291Z,1208437880497036,
GGAI Practice Area Transformation 2.0.2.5.,,2025-10-28T18:33:39.846Z,1211037153516063,
Optimum Retailing AOR Retainer - P0008469,,2025-10-28T17:49:52.387Z,1208741741031531,
P0005211 - Internal - STACK Website MS ,,2025-10-28T16:35:54.667Z,1210053166792048,
Hitachi Energy,,2025-10-28T14:17:29.194Z,1211437169255402,
2026 Pilot OOH Refacing ,,2025-10-28T13:31:12.853Z,1211758522168804,
P0011181 - UAT - NYBG Location Pages,,2025-10-28T12:08:32.282Z,1211764788377941,
P0011747 - Bostik x Gravity Creds video,,2025-10-28T09:28:47.815Z,1211638086028352,
P0011432 - Bosley Maintenance Internal board,,2025-10-28T03:40:26.277Z,1211099451010664,
Bosley | Creative Requests,,2025-10-27T23:19:55.673Z,1208136693780130,
P0009637 Food Quality Advanced [FQA] Campaign,,2025-10-27T23:19:31.855Z,1210870019554929,
P0003397 Bosley Big Swing Landing Page Redesign,,2025-10-27T23:19:25.654Z,1211667045388958,
P0004635/P0009638 Ecolab Next Gen Bio Purolite Mega Program ,,2025-10-27T23:19:16.498Z,1207681522498136,
P0011432 - Bosley Maintenance Client facing board,,2025-10-27T23:19:03.786Z,1211099392705539,
P0011846 Saluda Website SEO and Support,,2025-10-27T23:02:51.678Z,1211745689890749,
P0010712 Honda Powersports Content Hub/CRM,,2025-10-27T21:02:23.094Z,1210240855616525,
Honda Media 102ki,,2025-10-27T21:01:37.493Z,1210343147453003,
Honda Ride Red Collective,,2025-10-27T20:59:16.636Z,1211094378448401,
P0010712 Honda Powersports CRM,,2025-10-27T20:59:15.832Z,1210343147453054,
P0010866 Honda Powersports Tier 2,,2025-10-27T20:59:15.444Z,1210329651760573,
Honda Digital Personas,,2025-10-27T20:59:15.023Z,1210356685161390,
P0003432 Powersports Client Investment,,2025-10-27T20:47:38.575Z,1211665233594771,
Creative,,2025-10-27T20:26:16.044Z,1211697580504211,
P0010714 Honda Powersports 2026 Racing,10/01/2026,2025-10-27T18:47:35.496Z,1211709819049258,
HHP - $7.99 Large 1-Topping,,2025-10-27T16:43:54.300Z,1211625684752138,
P0009969 - Internal - ADCS,,2025-10-27T15:57:24.322Z,1209973612741399,
Holly To Do List,,2025-10-27T15:44:42.872Z,1211756147125970,
Digital Weekly,,2025-10-27T15:32:33.096Z,1211758236106687,
Honda Weekly,,2025-10-27T15:31:33.138Z,1211758236106683,
Infosys - Internal Task Board,,2025-10-27T14:16:57.073Z,1211705098156379,
Tenterden,,2025-10-27T09:25:19.844Z,1211749866076730,
Allegiance Retainer - P0009700 ,,2025-10-27T04:54:16.742Z,1206050095652647,
Media Work Requests,,2025-10-26T04:32:26.672Z,1201812451269788,
Creative & Production Tasks,,2025-10-26T03:50:39.081Z,1209089301987694,
MAN - Ad Hoc Tasks,,2025-10-26T03:46:13.930Z,1206230218676306,
P0011324 1CB Brand Updates,,2025-10-26T02:54:09.578Z,1210753939073588,
Creative Requests,,2025-10-26T01:36:47.924Z,1199692542844165,
P0000729 - CFM - 50th,,2025-10-26T00:54:57.738Z,1206230774133892,
Awards Entries,,2025-10-26T00:44:16.539Z,1206278708001528,
Airbus - Ad Hoc Print,,2025-10-25T23:17:54.774Z,1206231304267919,
35th Anniversary Logo,,2025-10-25T22:11:13.578Z,1206270427611823,
Valify Marketing Retainer - Job P0009695,,2025-10-25T21:13:13.743Z,1206050095652616,
P0002378 - MAN - Social Assets,,2025-10-25T20:01:34.416Z,1206263337998805,
EDGE Empower / Aniela,,2025-10-25T16:40:42.929Z,1205116338250338,
Operation & Project Based,,2025-10-25T16:24:14.753Z,1211391959748309,
Creative Ops,,2025-10-25T15:29:54.892Z,1211748152776431,
Gravity Edge Process Library,,2025-10-25T14:55:39.955Z,1205348290506209,
P001601 Powersports Personalization,,2025-10-25T13:13:57.137Z,1206207748566692,
Strategy Work Requests,,2025-10-25T13:11:49.077Z,1201812451269773,
PTO / Annual Leave,,2025-10-25T13:05:39.043Z,1206230774133933,
MAN - People Driven,,2025-10-25T13:04:41.639Z,1206231304151082,
P0002300 - M&G - Brand Campaign,,2025-10-25T13:00:38.961Z,1206230772735557,
P0006675  - APC - Social (P0000655),,2025-10-25T12:59:39.866Z,1206230217267866,
P0001962 - MAN - Emergency Services - Creative,,2025-10-25T12:57:08.388Z,1206230217267882,
RUI Retainer - P0005227,,2025-10-25T11:06:43.170Z,1206050095652640,
P0010956 - Internal - Honda Maintenance,,2025-10-25T06:43:23.641Z,1209892295702146,
Digital/Dev Work Requests,,2025-10-25T06:43:23.637Z,1201831778756823,
Airbus - Dubai Airshow 2025,,2025-10-25T06:30:07.590Z,1211315968940890,
GGAI Scheduling,,2025-10-25T06:17:15.802Z,1210431464627933,
All AI Tasks,,2025-10-25T06:17:15.802Z,1210556124430453,
GGAI Foundations (P0010751),,2025-10-25T06:17:15.801Z,1209609085625501,
Computershare Website Project P0009120,,2025-10-25T04:52:38.139Z,1209008216599743,
INT P0011603 - Crete Hubspot,,2025-10-25T01:48:21.849Z,1211559562777220,
P0010897 FY26 - Pioneer/ATV Campaign Shoot,,2025-10-24T22:56:46.663Z,1210980215270711,
BBNA UAT Tracking,,2025-10-24T22:55:24.491Z,1211178450104976,
Allied Fire Website Project - P0004618,,2025-10-24T22:38:59.817Z,1207465815191660,
Texas Instruments Onboarding,,2025-10-24T22:14:45.175Z,1211654142026557,
Texas Capital Media,,2025-10-24T22:12:34.691Z,1206423933471587,
Bask Bank Media,,2025-10-24T22:09:23.866Z,1206709065753773,
Boardroom Salon - P0009553,,2025-10-24T21:35:57.047Z,1206051795323059,
MS Project Dashboard,,2025-10-24T21:34:37.319Z,1211368025792103,
P002075 Butler (BBNA) Redesign,,2025-10-24T21:32:48.197Z,1210515400116988,
Gravity Global Brand Refresh Requests,,2025-10-24T21:19:34.678Z,1210868854977998,
HoganTaylor - HoganTaylor - Retainer ,,2025-10-24T20:58:53.576Z,1206051795334260,
NYBG Location Page Development - P0011181,,2025-10-24T20:54:54.195Z,1210366001959797,
P002084 - SiliconExpert Website Restart,,2025-10-24T20:54:17.594Z,1210641641698178,
P002084 - SiliconExpert UAT,,2025-10-24T20:51:37.338Z,1211355410643621,
Crete Professionals Alliance,,2025-10-24T20:28:08.037Z,1210743578860508,
Vari Media,,2025-10-24T20:21:32.981Z,1209141638991828,
LevLane P0011226,,2025-10-24T20:18:07.768Z,1210539956065238,
P0010985 Medtronic Capere Strategy and Creative Platform,,2025-10-24T20:08:22.666Z,1210951685135151,
P0003194 Gravity Health Marketing,,2025-10-24T19:49:52.793Z,1211185764098776,
P0009292 NWM Client facing board,,2025-10-24T19:45:36.100Z,1209867014763607,
Franklin Energy Website Project P0010953,,2025-10-24T19:25:09.978Z,1210390057984647,
Vistar Creative Marketing Support Services - Job P0009764,,2025-10-24T19:01:38.362Z,1206107836677754,
Remote Team Culture Club,,2025-10-24T18:43:43.082Z,1210987802341091,
January 7th Model Release - P0010956 (FY26),,2025-10-24T18:01:23.967Z,1211085643951744,
P0011956 LevLane Website Dev Project,,2025-10-24T17:55:16.531Z,1211698278776802,
Cox Monthly Web Updates - Job P0009248,,2025-10-24T17:23:10.010Z,1202383953035794,
AkzoNobel | Accelshield 700 Refresh (P0006675),,2025-10-24T17:22:50.241Z,1210707158842890,
STACK SEO Consulting - P0009109,,2025-10-24T16:56:09.180Z,1210133701889309,
P2 Energy Managed Hosting - Job P0009681,,2025-10-24T16:53:57.279Z,1202623659062677,
AkzoNobel | Ionomy - Branding (P0011382),,2025-10-24T16:42:23.637Z,1210840578927799,
Nemours Media,,2025-10-24T16:36:42.603Z,1209333339276430,
AkzoNobel | Ad-hoc ads & newsletters,,2025-10-24T16:36:11.559Z,1206806213297045,
TopRight - Master integrations project,,2025-10-24T16:34:13.068Z,1210574391853801,
P0010986 Hologic Biopsy Portfolio Materials,,2025-10-24T16:28:31.855Z,1210138778354973,
Tobago | Corporate Assets,,2025-10-24T16:23:47.056Z,1207686072480981,
Gen Digital - October to December 25 (P0009334),,2025-10-24T16:12:51.040Z,1211452141830223,
Gen Digital - July to September 25 (P0009334),,2025-10-24T16:12:51.037Z,1210672327091938,
P0011220 3M CBTD Bldg Window Films Website UX Wireframes & Tinting,,2025-10-24T16:07:42.146Z,1210564295643955,
P0009051 3M CBTD Film Solutions School Campaign,,2025-10-24T16:03:45.521Z,1209487492597214,
P0011063 Pulmonx COPD Physician Brief Updates,,2025-10-24T16:00:56.171Z,1211305266142329,
P0011171 Design Retainer July - Dec 2025,31/12/2025,2025-10-24T15:57:22.652Z,1210607167835871,
Motiva Base Oils Lead Gen Campaign - P0009936,,2025-10-24T15:52:45.105Z,1210823029996692,
P0011149 - Internal - NYBG MS,,2025-10-24T15:46:03.831Z,1210350073777586,
P0009120 - Computershare Website UAT,,2025-10-24T15:21:39.329Z,1211097820290824,
Santander | Ready-Made video (P0009625),,2025-10-24T14:52:46.756Z,1210602843858403,
P0011223 3M CBTD Bldg Window Films Website Pages Updates,,2025-10-24T14:52:00.475Z,1210564295643959,
Lime Health | Lime Report (P0011380),,2025-10-24T14:44:29.182Z,1211510419279838,
P0009342 MFB Q2 2026 Campaign,,2025-10-24T14:42:54.920Z,1211710096960800,
P0011283 MFB New Brand Campaign,,2025-10-24T14:42:42.909Z,1210766508562373,
P0011095- Avid Business Proposal Design Elevation,,2025-10-24T14:36:24.154Z,1210246920555747,
P0010934.4.1- Vontier - Investor Assets,,2025-10-24T14:32:47.181Z,1211673586627688,
P0011163 - Reckitt - 'EHME' 2025 BDIs,,2025-10-24T14:30:48.772Z,1210339853426208,
P0011850 - Esko,,2025-10-24T14:30:43.559Z,1209946782645856,
P0011599 - Bostik - Reno & Repair,,2025-10-24T14:29:54.087Z,1211638178757806,
Support & Maintenance Service ,,2025-10-24T14:28:47.246Z,1209807175751688,
NYBG Managed Services & SEO Retainer - P0011149,,2025-10-24T14:25:22.889Z,1210352793985393,
NVIDIA - Internal task board,,2025-10-24T14:14:50.928Z,1209088554039338,
Henley Pacific VIOC - 16348_Dev_Henley Pacific SEM Site Managed Services,,2025-10-24T14:11:07.320Z,1202009013669434,
Henley Pacific VIOC - 16348_Main_Henley Pacific Paid Search Program,,2025-10-24T14:11:05.940Z,1202003296525933,
Henley Pacific VIOC - Henley Pacific VIOC - Account Planning Overview,,2025-10-24T14:11:04.268Z,1202003296525918,
P0009141 - Jensen MS,,2025-10-24T14:05:27.188Z,1209997178985079,
P0010934.1.1 - Vontier VI guidelines,,2025-10-24T13:55:11.786Z,1211020999550304,
Dash Hudson - Internal task board ,,2025-10-24T13:44:04.154Z,1208934326560229,
P0009343 - FY25 MFB Organic Social ,,2025-10-24T13:35:21.336Z,1210036414238961,
P0010712 HPS Email Design - Q3 & Q4 2025,,2025-10-24T13:30:29.855Z,1210852427848423,
TaxAssist - Paid Media Tasks ,18/03/2025,2025-10-24T13:23:09.757Z,1208880185886531,
ECI Solutions Media -,,2025-10-24T13:22:54.119Z,1211208353672980,
ECA | Dubai Air Show,,2025-10-24T12:55:06.782Z,1210831539888235,
KOPA Ovens - ECA | Paris Air Show 2025,,2025-10-24T12:50:44.938Z,1208517016293731,
Meat Fight - 1167 - MF Burger Fight Event,,2025-10-24T12:36:30.991Z,1204220360586645,
Meat Fight - [DEV] 16812 Meatfight,,2025-10-24T12:36:29.816Z,1203391352106954,
Meat Fight - 16812 - Meat Fight Fall Event,,2025-10-24T12:36:27.888Z,1202074493986905,
LA County Dept of HR Marketing Campaign - Job P0010937,,2025-10-24T12:32:50.182Z,1209702001011102,
Interpon - Sustainability Programme - P0010671,,2025-10-24T11:35:50.082Z,1209167326293815,
P0009575 - ETL NVIDIA,,2025-10-24T11:31:35.866Z,1209385091765550,
ICIS x Gravity Global - Internal task board ,,2025-10-24T11:25:50.826Z,1208527483473365,
P0011898 - Internal - Saluda,,2025-10-24T11:22:24.361Z,1209936236265899,
P0011378 - CTI MS,,2025-10-24T10:29:41.128Z,1209957108883555,
P002075 Varco Pruden (BBNA) Redesign,,2025-10-24T10:21:31.668Z,1210515400116992,
Interpon Paid Media - Q1 25,,2025-10-24T09:48:41.822Z,1209142709070791,
P0011850 - Internal - Esko MS,,2025-10-24T09:37:34.947Z,1209946782645852,
InCommon Website Redesign - Job P0005623,,2025-10-24T08:45:03.308Z,1208821478906815,
P0011284-Getac Landing page,,2025-10-24T08:42:59.750Z,1211060710371829,
PM Corner,,2025-10-24T08:37:13.475Z,1201812650691845,
Managed Hosting Portal,,2025-10-24T08:23:07.890Z,1210764757271615,
ECA | LuxAir,,2025-10-24T08:22:16.924Z,1210832481508475,
P0011094 - Dematic - Brand strategy adcepts,,2025-10-24T08:22:10.000Z,1211370645331910,
Believ | PPT template,,2025-10-24T08:19:08.657Z,1211467977490429,
L10 Analytics Meeting,,2025-10-24T06:37:26.346Z,1209862208963424,
P0009292 Internal site retainer NWM,,2025-10-24T06:35:34.930Z,1209867014763589,
P0009656 - Internal - Taxbit MS,,2025-10-24T06:01:57.190Z,1209932502245385,
InCommon Brand Launch Support - Job P0010000,,2025-10-24T06:01:39.259Z,1209311567949682,
Cory's Internal Projects,,2025-10-24T05:04:34.936Z,1211375361505143,
P0009107 Alto-Shaam Website Maintenance Retainer,,2025-10-24T05:00:45.089Z,1209000153064044,
P0010793 Getac Client facing board,,2025-10-24T03:49:51.612Z,1209959377695320,
P0010901 - Internal - Heptagon,,2025-10-24T02:59:52.744Z,1210010592970338,
P0010901 - Heptagon,,2025-10-24T02:49:30.876Z,1210010592970342,
VN Communication Channel ,,2025-10-24T01:29:15.636Z,1210900905169908,
P0001180.11 - Sage - X3 ISG Report campaign kit,,2025-10-24T00:54:59.487Z,1211288743037671,
Pilot: P002260 FY25 Billboard Production,,2025-10-24T00:40:43.306Z,1209204628760152,
Transamerica Projects  - P0009686,,2025-10-24T00:15:43.405Z,1209189407849195,
Dell Accessories_Webinars and Door Openers Q1 and Q2,,2025-10-23T23:01:25.855Z,1209523974912041,
Training 2025,,2025-10-23T23:01:24.991Z,1209581369746524,
M&G Investment Story,17/11/2025,2025-10-23T23:01:22.622Z,1211487061738553,
Creative Freelancer Tracker,,2025-10-23T23:01:18.734Z,1211703853762997,
AkzoNobel | Brand Video (P0006675),,2025-10-23T23:01:12.521Z,1211256680869389,
P0005246 - Reckitt - EMEA Brochure,,2025-10-23T23:01:07.895Z,1211436813151542,
M&G - Equities - P0009623,,2025-10-23T23:00:48.002Z,1210744528033488,
Believ | Charge Speed Sign (P0011419),,2025-10-23T23:00:33.943Z,1210984359449772,
UCLA Holiday video - P0010832,,2025-10-23T23:00:28.023Z,1211000403724563,
GG INT Projects ,,2025-10-23T23:00:11.849Z,1210167981092335,
GGAI Projects,,2025-10-23T23:00:08.073Z,1210169506939958,
P0010809 FY26 Honda Dealer Support ,,2025-10-23T22:26:27.688Z,1207972617156862,
P0011843 - PGDA Menu Board Design,,2025-10-23T21:01:48.588Z,1211610457446942,
P0011801 BCB Bank: Visual Expression 2025 ,,2025-10-23T20:15:31.538Z,1211411125027548,
Arrow Services Website Retainer - P0011339,,2025-10-23T19:59:35.761Z,1202058126839032,
INT P0011273 – Crete Professionals Alliance,,2025-10-23T19:26:39.417Z,1210743578859309,
P0009664 Craig Hospital Maintenance,,2025-10-23T19:16:37.477Z,1210008790466121,
P0009583 - Wickles Pickles (Fenwick Brands) ,30/09/2025,2025-10-23T18:59:04.297Z,1209623710060257,
P0009575 Nvidia : Media Industry News & Insights,,2025-10-23T18:34:11.489Z,1209539535845727,
Gold Wing Print Tracker,,2025-10-23T18:30:06.493Z,1211709819049198,
"NV FY26 - Launch, Product & Program (LPP) Campaigns",07/02/2025,2025-10-23T17:28:01.733Z,1209282430079583,
P0011196 Oasis Date Extension Brands Packaging [SOW #7],,2025-10-23T17:24:35.171Z,1210384431344479,
LASD Paid Media Retainer - Job P0011359,,2025-10-23T17:16:49.711Z,1204810654715842,
NV FY26 - AI Campaigns,,2025-10-23T17:13:50.865Z,1209133155212829,
FSS [Truste Solutions] Website Project - P0010881,,2025-10-23T17:10:13.669Z,1210278118490805,
P0011077 - UNW Website Maintenance & Consulting July 25- June 26,,2025-10-23T17:00:03.998Z,1209735052875641,
UCLA Holiday Project - P0010832,,2025-10-23T16:53:35.713Z,1210869641365805,
P0011354 3M Frost Campaign,,2025-10-23T16:42:48.322Z,1211024154595358,
"P0009691 - Bostik, Bostik Pull Banner",,2025-10-23T16:05:42.267Z,1211718017199366,
Racing Support Print Tracker,,2025-10-23T16:00:51.819Z,1211709819049214,
Rapyd x Gravity Global -  Performance Marketing,,2025-10-23T15:56:55.832Z,1209016612551264,
ST&R Managed Hosting - Job P0009672,,2025-10-23T15:55:50.798Z,1201967324954032,
P0011247 Blueshift Materials Brand Strategy Deliverables,,2025-10-23T15:46:34.723Z,1211721254960601,
P0011108 - Dell - Power of Paired Campaign Q2,,2025-10-23T15:35:02.946Z,1210556329772851,
P0009342 MidFirst Bank Media,,2025-10-23T15:25:00.151Z,1208938149567631,
FY25-26 NT1100 Shoot & Deliverables,,2025-10-23T15:18:10.043Z,1210239529363587,
P0009670 - Internal - Kaelus,,2025-10-23T15:13:14.444Z,1209944824961880,
P0011972: 1CB Social Retainer (Nov 25 - Mar 26),,2025-10-23T15:01:09.392Z,1211723435767264,
P0009129 - FY25 1CB Organic Social ,,2025-10-23T14:20:15.384Z,1210176454687080,
Task Management,,2025-10-23T13:13:30.611Z,1211693902659612,
Gen Digtital - Blog Image Production,,2025-10-23T11:04:41.848Z,1209241070619977,
AkzoNobel | Sikkens Interior launch (P0010726),,2025-10-23T11:03:08.300Z,1209780272308529,
Social Media Calendar,,2025-10-23T10:43:41.418Z,1211046738125722,
Airbus - H140 EMS (MTM),,2025-10-23T10:12:37.655Z,1210926233738848,
P0010923 | AI Webinar Series,,2025-10-23T08:57:54.181Z,1211219497431285,
M&G - Active ETF,21/11/2025,2025-10-23T08:51:17.086Z,1211487103202889,
P0011243 - Hitachi - EcoSpace Project,,2025-10-23T08:23:33.892Z,1210763953022542,
AkzoNobel | MPY Journey magazine,,2025-10-23T08:22:57.268Z,1210584186867019,
P0009690 - Jupiter - Global Small Companies (Active ETF),,2025-10-23T08:20:42.569Z,1209855264640087,
P0010934.1.1 - Vontier -LOB core assets,,2025-10-23T08:18:37.903Z,1211149782311585,
Santander | Brand asset updates (P0009625),,2025-10-23T08:18:27.653Z,1210484240883553,
Internal Starlims MS P0009729 ,,2025-10-23T04:02:48.119Z,1209932426340115,
L10 ETL Tasks,,2025-10-23T01:21:44.199Z,1210046644726044,
ECA | SAS Campaign,,2025-10-22T23:10:03.237Z,1210707898851736,
P0011726 Cook Medical Brand Refresh RFP,,2025-10-22T21:39:16.038Z,1211500341217833,
P0010714 Race Win Ads (FY26),,2025-10-22T21:31:11.853Z,1209914593959965,
Cummins - Misc. Projects ,,2025-10-22T20:05:13.181Z,1211029115675121,
P0010908 FY26 - CRF Fun Bikes Campaign ,,2025-10-22T19:09:24.974Z,1209748469713605,
P0010845 HJ WEBSITE MAINTENANCE,,2025-10-22T19:06:04.083Z,1201932179211873,
P0011302 - Lysol Pro Solutions US Adaptation,,2025-10-22T18:17:25.595Z,1211300205766896,
Middlesex College - Option A & B,,2025-10-22T18:17:18.773Z,1211470950877279,
NoHo Campaign,,2025-10-22T18:01:26.237Z,1211722469947885,
Pecan Deluxe FY26 Media - P0011543,,2025-10-22T16:27:17.914Z,1211093055287922,
Pilot: Production Intake Tickets,,2025-10-22T15:35:53.464Z,1209784682113490,
Certas (Gulf) - Social Media assets (P0009212),,2025-10-22T15:06:27.999Z,1209303605928656,
HTPD Location Page - Wireframe and Design - Job P0011920 ,,2025-10-22T14:45:43.781Z,1211640014531912,
KC-390 New Moment,,2025-10-22T14:45:32.765Z,1211148284090446,
P0009342 MFB Q1 2026 Business Campaign,,2025-10-22T14:23:29.743Z,1211174389615294,
 NV FY26 - Intel MDF Campaigns,,2025-10-22T14:04:33.814Z,1209276095440727,
 NV FY26 - NV Story/Circles Campaigns,,2025-10-22T14:04:24.171Z,1209294940511115,
NV FY26 - Developer Campaigns,,2025-10-22T14:04:04.975Z,1209274543377550,
NV FY26 - AI Factories Campaigns,,2025-10-22T14:03:53.887Z,1211047797886870,
NV FY26 - Physical AI Campaigns,,2025-10-22T14:03:44.513Z,1209229145693033,
 NV FY26 - Business Leaders Campaigns,07/02/2025,2025-10-22T14:03:29.656Z,1209283411656169,
Thrivent Podcast 2025 - Job P0011049,,2025-10-22T13:54:33.662Z,1207448843522803,
Reckitt,,2025-10-22T13:29:50.943Z,1211558811841628,
Digital Development Internal,,2025-10-22T07:22:29.735Z,1210036133951199,
P0009265 NYBG Outdoor Boards Updates,,2025-10-22T05:01:06.168Z,1209977713907749,
Strongbow - Internal,,2025-10-22T02:34:36.328Z,1210221693680409,
Media Data Analytics - Dashboard Internal Feedback,,2025-10-22T01:37:32.848Z,1211712904377238,
Dash Hudson x Gravity - Performance Marketing,,2025-10-21T23:00:46.141Z,1208312689526367,
P0003194 - (Group Marketing) Signals eBook,,2025-10-21T20:39:10.110Z,1211699436855369,
Honda Powersports Campaign Project Template,,2025-10-21T19:40:40.977Z,1211094378448450,
Airbus - MTM / PAS25 / Integrated Brand Campaign,,2025-10-21T19:04:17.384Z,1209550218166579,
HHP: We Do Bold Toolkit,,2025-10-21T16:32:42.070Z,1211227069975619,
TCB/Bask Reporting,,2025-10-21T15:46:12.686Z,1206833090534336,
P0009265 NYBG Social Media FY 25,,2025-10-21T15:15:01.962Z,1209717005836705,
Airbus - Commercial GTM,,2025-10-21T14:14:01.222Z,1211597788468939,
P0004707 - NWM Dashboard,,2025-10-21T09:52:40.308Z,1209114650114180,
Airbus - Eurofighter,,2025-10-21T08:27:31.469Z,1211600348231721,
Signify - Retainer P0003730,,2025-10-21T00:07:42.317Z,1206051795322743,
Harpenden Building Society Redesign,,2025-10-20T23:00:28.279Z,1211635268400974,
P0011288 CLO Product Campaign,,2025-10-20T18:23:11.141Z,1210847894658742,
Alto-Shaam US - July - September (P0009285),,2025-10-20T18:09:48.380Z,1210726973982679,
P002255 Power Equipment & Marine Emails,,2025-10-20T14:28:47.545Z,1209807018785534,
Pilot Directional OOH,,2025-10-20T13:08:46.747Z,1209257625351174,
Tobago | Cruise Ship Schedule Assets,,2025-10-20T09:46:49.290Z,1208517447344693,
P0008696 - Maersk - Kimberly Clark 'Success Story' Video,,2025-10-20T05:44:03.453Z,1210520638674214,
P0010908 CRF Project Timeline,,2025-10-20T05:03:11.962Z,1211229408447888,
3. VN Creative_QC Checklist,,2025-10-20T03:32:01.696Z,1211156960803136,
Believ ABM Marketing Projects - P0003168,,2025-10-20T00:25:09.077Z,1206105207630645,
P0010934 - Vontier - Core Assets,,2025-10-19T23:01:17.717Z,1211673587230859,
SEO Project Support Deliverables ,,2025-10-19T23:00:26.178Z,1211638517067146,
Digital Weekly Production ,,2025-10-19T16:30:10.129Z,1203683616827700,
P001650 - M - Aidoc Category Content & Creation,,2025-10-19T13:59:53.758Z,1206044756968108,
[DEV] 16655 DISCOVER & DEFINE PSP RESDESIGN,,2025-10-19T04:17:40.646Z,1204663433173580,
P0003397 Bosley Development,,2025-10-19T02:41:45.028Z,1201978901220344,
OOO - Creative Team,,2025-10-18T16:27:14.120Z,1202063895485815,
_AdHoc New Business Request,,2025-10-18T07:06:35.103Z,1201985531550492,
BAND-IT Monthly Ads - Job P002021,,2025-10-18T06:48:44.898Z,1201652847032862,
M&A - Due Diligence Falcon,23/07/2025,2025-10-17T19:37:05.232Z,1210332757698540,
P0011547 ATV Media Assets,,2025-10-17T17:00:29.477Z,1211117534282764,
Sage ISV - P0011214 - QuickBooks Switcher Campaign,,2025-10-17T16:14:37.712Z,1211638181662690,
Edge - Media Team Board,,2025-10-17T15:44:58.053Z,1211082929006106,
Uponor Case Study - P0003194,,2025-10-17T14:57:43.630Z,1209641699404945,
P0011394 Dematic - Website Audit,,2025-10-17T14:46:23.108Z,1211223959929183,
P0005299 Pro Honda Oils Brand Roll Out ,,2025-10-17T13:41:09.302Z,1208448940062354,
Mackenzie Personal,,2025-10-17T13:34:14.926Z,1211123179124256,
ANGI Guide,,2025-10-17T12:51:33.406Z,1211102672030291,
P0011077 - UNW-Internal- Website Maintenance & Consulting July 24 - June 25,,2025-10-17T10:03:01.652Z,1207789464216845,
CS | Issuer / Investor Relations,,2025-10-17T09:31:07.131Z,1209698316814244,
Getac RFP launch (P0011284),,2025-10-16T17:00:26.059Z,1210683384857219,
P0010827.4.1 - Dell - Power of Paired Campaign,,2025-10-16T08:50:59.418Z,1209640449951465,
Gravity Client Portals,,2025-10-16T01:50:16.823Z,1208097505338182,
NV FY26 - GTC DC,,2025-10-15T22:05:43.423Z,1211009418869262,
Media - Pure Storage ,,2025-10-15T22:05:43.362Z,1205116269141356,
Media Campaigns (EMEA) - Pure Storage ,,2025-10-15T22:05:43.356Z,1205116338251113,
NVIDIA New Biz,,2025-10-15T22:05:43.352Z,1205116269073056,
NV FY26 - Google MDF Campaigns,,2025-10-15T22:05:43.341Z,1210328976861796,
NV FY26 General,,2025-10-15T22:05:43.328Z,1209982519364529,
Jamf - Jamf US Media,,2025-10-15T22:05:43.295Z,1206752745210770,
P0011076 FY26 Monthly Promo,,2025-10-15T17:04:19.883Z,1210663604852967,
Honda CCPA and Cookie Updates ,,2025-10-15T16:49:14.153Z,1209695704605845,
P0011926 - CA Nova Nasal Launch – Media Strategy & Management,,2025-10-15T16:04:16.120Z,1211599459855299,
TAM-C Brand Strategy & Messaging - P0011059 ,,2025-10-15T15:25:35.338Z,1210190288285109,
FSS Brand Strategy Development - Job P0010881,,2025-10-15T15:25:35.079Z,1210005760256703,
P0009270 Bell Tiltrotor Landing Page,,2025-10-15T15:25:34.993Z,1208937144215425,
Harpenden Building Society Website Project ,,2025-10-15T09:30:23.355Z,1211543200091101,
P0011398 Hollister WOCNext 2026 RFP,,2025-10-14T22:47:07.624Z,1211536101273211,
MidFirst Bank - OKC & Tulsa OOH,20/01/2025,2025-10-14T17:52:00.526Z,1208801344304688,
Alto-Shaam | Ad-hoc production,,2025-10-14T17:00:22.213Z,1211624160039710,
ETL Bosley,,2025-10-14T05:47:50.221Z,1208638409482818,
P0011037 - Sage ISV - Close Faste​r Campaign - Ci​ndy - June 2025,,2025-10-14T02:05:25.848Z,1210786203529889,
Marketing Doctor - Integration,01/05/2026,2025-10-14T00:08:47.303Z,1210161964383387,
Alto Shaam - Internal task board,,2025-10-13T23:00:30.494Z,1209088554039408,
P002255 HPE & Marine Email Design - Q3 & Q4 2025,,2025-10-13T18:27:14.967Z,1211295183518408,
[P001138] Hoya Pardot,,2025-10-13T08:01:26.189Z,1204126309601207,
Tract Managed Hosting - P0009877,,2025-10-12T12:43:22.966Z,1203535569231211,
VN Office - Gravity update guide book,,2025-10-12T03:01:04.232Z,1205363019318939,
[DEV] 16663 CH WEBSITE REFRESH,,2025-10-12T02:59:32.553Z,1202641476524362,
Sparebox Google Ads Post Campaign Launch Tasks ,,2025-10-11T20:51:57.984Z,1205532200855084,
P0009666 - Internal - BAND-IT Monthly Web Hosting,,2025-10-11T20:13:58.554Z,1201652847032853,
[P001329]PEM Technical Training -Landing page on Hubspot,,2025-10-11T13:46:25.472Z,1204812328462250,
EDGE Empower Web,,2025-10-11T08:59:37.421Z,1205116582749890,
[P0009835] - Dev Bestway,,2025-10-11T01:21:03.216Z,1202544660112014,
SNAP - May - June '25 (P0004567),,2025-10-10T23:22:50.722Z,1210142676482856,
Gen Digital - April to June 25 (P0009524),,2025-10-10T23:22:47.431Z,1209772654890578,
First Merchants - July - September 25 (P0003028),,2025-10-10T23:22:47.366Z,1210903064801101,
Gen Digital - Jan to March 25 (P0009524),,2025-10-10T23:22:47.363Z,1208953660951104,
 Harrod - April to June 25 (P0009223),,2025-10-10T23:22:47.348Z,1209669042425278,
First Merchants - April - June 25 (P0003028),,2025-10-10T23:22:47.346Z,1209770091940648,
First Merchants - April - June 25 (P0003028),,2025-10-10T23:22:47.337Z,1209670129656772,
Alto-Shaam US - April - June (P0009285),,2025-10-10T23:22:47.334Z,1210500372058196,
Interpon - Q4 Jul - Dec (P0004681),,2025-10-10T23:22:47.324Z,1208202754507246,
Frutura Misc Website Updates - P0011047,,2025-10-10T20:12:29.672Z,1210133905272347,
AkzoNobel Packaging Coatings - Paid Social Media,13/01/2026,2025-10-10T16:12:52.679Z,1211519681522580,
VPQS FY26 Media,,2025-10-10T15:38:22.397Z,1211093049930933,
M&G - Quick Wins - P0009623,18/09/2025,2025-10-10T15:30:04.239Z,1211386527958928,
P0003520 ReadyDose Case Study Video,,2025-10-10T15:08:06.381Z,1210802416278008,
Middlesex College RFP,,2025-10-10T14:52:30.995Z,1210990272710683,
M&G - SuperReturn - Event hijacking - P0009623,12/09/2025,2025-10-10T11:46:19.482Z,1211327097022887,
P0009582 - Moore's Marinades Website Updates,31/12/2025,2025-10-10T03:48:17.065Z,1209657654510415,
P0009583 - Internal - Wickles Pickles Website,,2025-10-10T03:47:27.506Z,1210003087833512,
P0009690 - Jupiter -  Global High Yield Bond,,2025-10-09T23:12:24.445Z,1210726743365809,
Pioneer 700 Sell Down,,2025-10-09T18:27:18.103Z,1211374775855773,
LandCare Managed Hosting - Job P0011278,,2025-10-09T17:00:12.442Z,1210674311729925,
ADP | Good Payroll is Good Business - P0011428,,2025-10-09T16:02:55.076Z,1211208763241095,
P0010934.4.1 - Vontier adcepts and press ad,,2025-10-09T08:38:45.142Z,1211406261335018,
Technical PM Mission,,2025-10-09T06:14:43.731Z,1211322923416242,
Account Team - Texas Capital,,2025-10-08T16:28:50.269Z,1205492408222985,
P0011217 - Middlesex: 2025 VOTE PSA Campaign,,2025-10-08T14:55:41.361Z,1210394619396839,
Gravity Signals Conference,,2025-10-07T19:47:17.401Z,1210620483899751,
[INT] Boardroom Salon - P0009553,,2025-10-07T16:07:05.818Z,1211134285515257,
Pecan Deluxe Managed Hosting - P0009683,,2025-10-07T00:52:18.156Z,1201911231671048,
[DEV - P000872] COX,,2025-10-06T11:19:30.223Z,1202580789773508,
Swan - Retainer - P0009863 ,17/04/2025,2025-10-06T10:47:09.168Z,1210002563437984,
Stand Up To Cancer - P0003399  Stand Up To Cancer Resizes,,2025-10-06T07:01:40.035Z,1210629908844983,
New Business - Deck Clean Up Requests,,2025-10-06T06:12:14.082Z,1211547254427307,
[DEV - P000901] Pecan Deluxe,,2025-10-06T04:00:05.097Z,1202059989214678,
Frontend Master,,2025-10-04T21:37:36.165Z,1201841694864077,
DEV - [16498] - Fitzsimons Website [Sprint],,2025-10-04T07:27:14.998Z,1202264576424916,
Studio Services,,2025-10-04T04:26:24.180Z,1201737907099605,
P0010712 - Honda Power Sport Emails,,2025-10-03T17:01:57.680Z,1209806944548886,
Spamhaus HubSpot,,2025-10-03T14:59:13.437Z,1210974417879339,
P0003156 Crowcon,,2025-10-03T14:27:01.246Z,1210203119669219,
Believ | Rebrand Rollouts (P0010695),,2025-10-03T08:39:52.314Z,1210004938375685,
[P0004598] GG Dev Team ,,2025-10-03T08:12:05.399Z,1209918629465556,
ECA | Airlink,,2025-10-02T23:00:29.488Z,1210410108173882,
P0011099 Solventum Tegaderm LCR Assets,,2025-10-02T19:41:49.996Z,1210653263776706,
P0002802.1.70 Airbus - ACJ Repositioning,,2025-10-02T16:42:22.979Z,1207821220976619,
Airbus - H215 Firefighting (MTM),,2025-10-02T16:42:08.816Z,1210926232565040,
NV FY26 Finances,,2025-10-02T15:23:16.539Z,1209151385752958,
AkzoNobel | Webinar creative (P0011100),,2025-10-02T08:38:10.959Z,1210195718788989,
VIOC_Account Management Tasks,,2025-10-01T23:13:37.873Z,1207436725190066,
Gravity Edge Video Work Reel - P0003194,,2025-10-01T18:53:43.952Z,1211139046107491,
P0010932 eROI Internal,,2025-10-01T15:18:19.681Z,1209932448124578,
P0011394 Dematic Website Audit,,2025-10-01T11:58:54.956Z,1210998309603249,
Dev [16378-1] Bosley: Monthly Client Services (16378-1),,2025-10-01T09:10:03.878Z,1202068179966692,
P0009583 Wickles // Social Media,31/12/2025,2025-10-01T00:32:49.976Z,1209829743181388,
P0009671 - NewQuest Managed Hosting,,2025-09-30T17:13:08.858Z,1205478981830102,
P0011172 - HoganTaylor Website Updates,,2025-09-30T17:13:02.883Z,1210518131631001,
Dash Social - Competitor Conquesting - P0011800,,2025-09-30T08:24:42.004Z,1211479181627466,
All Media Launch,,2025-09-29T20:13:32.356Z,1211501568247738,
Fitzsimons - Fitzsimons Misc. Web Updates - P0006902,,2025-09-29T00:39:23.185Z,1203785409432965,
P000774 Colder Products Company : CPC Client Non-Billable 2023,,2025-09-28T21:28:53.885Z,1205186234279894,
Projects Weekly Hours Report,,2025-09-28T19:29:37.308Z,1202068306379274,
QA Board (Training - Support - Manage),,2025-09-28T17:35:30.397Z,1201627932003375,
Yen Nguyen - PMP,,2025-09-28T13:26:05.679Z,1211146651311242,
P0009969-ADCS-Website Managed Services,,2025-09-28T08:19:07.482Z,1201966942149215,
[DEV] P001461 University of North Western,,2025-09-28T05:59:40.246Z,1203026597325239,
Mid Markets Creative Tasks,,2025-09-27T20:48:36.423Z,1201781632380099,
Penn Email,,2025-09-27T15:41:22.879Z,1204984257228992,
[Dev] EU3200i Generator CA Announcement - Email Development,,2025-09-27T03:06:44.989Z,1204984226800943,
P0010004 Tegaderm Post Op Transparent Antimicrobal Dressing Campaign,,2025-09-26T21:12:50.426Z,1209874948078431,
P002255 HPE & Marine Email Design - Q1 & Q2 2025,,2025-09-26T14:02:02.507Z,1209254663328220,
Templates workflow - Campaign - TR,,2025-09-26T10:24:34.032Z,1211303242976422,
Test Asana project template,,2025-09-26T00:08:04.663Z,1209534540885667,
American Rheinmetall - Misc. Tasks / AdHoc Request Projects,,2025-09-25T21:50:57.875Z,1206770935761873,
P0011572 Iron Mountain Deck Clean-Up ,,2025-09-25T18:28:30.489Z,1211454809952247,
P0005368 Oasis Date Brand Marketing Campaign,,2025-09-25T15:33:52.046Z,1208460364655811,
P0010738 FY26 - Promo Shoot & Deliverables,,2025-09-25T00:30:05.532Z,1209500922978757,
P001813 Internal Projects,,2025-09-25T00:30:05.466Z,1205930478312235,
P0003432 Powersports Client Investment,,2025-09-25T00:30:05.386Z,1210734164456683,
ADP,,2025-09-24T16:41:12.078Z,1210997425090417,
DP Managed Service UX/UI requests,,2025-09-24T16:29:47.286Z,1207334820560864,
CTI Domain & Restructure project,,2025-09-24T16:29:47.180Z,1207666150160462,
LTP Portal,,2025-09-24T16:29:47.161Z,1207420626547158,
Honda Powersports Digital Media Tracker,,2025-09-24T14:24:15.009Z,1209994699937955,
Honda Powersports Print Media Tracker,,2025-09-24T14:23:56.746Z,1210500402333349,
Fleet Sales,,2025-09-24T14:15:20.618Z,1211374777159832,
P0010984 Hollister Ostomy Demo Kit,,2025-09-23T23:27:48.997Z,1209982306206610,
Edge - Media Team Pod Structure,,2025-09-23T21:21:14.118Z,1211082929006116,
EDGE CS Integration,,2025-09-23T20:30:50.614Z,1210934138860086,
ECA | Freighter 2025 ,,2025-09-23T08:24:27.685Z,1209317062127185,
Spamhaus x abuse.ch | Commercial launch (P0009787),,2025-09-22T23:00:42.242Z,1210067752187760,
Yen - MS Dashboard Test,,2025-09-22T08:30:39.339Z,1211418048776276,
[DEV] P000885 - Gravina's Website Redesign [Sprint],,2025-09-22T06:43:12.334Z,1202968507936776,
[P001178] HPS SCL500 Model Release,,2025-09-22T04:45:59.580Z,1204912727382645,
[P001178] HPS REVER / Trip Planner,,2025-09-22T04:42:20.582Z,1204912716247139,
Spamhaus,,2025-09-22T02:13:49.455Z,1210385738093437,
GG Marketing,,2025-09-21T23:01:00.458Z,1210482603721977,
P001380_MEDC_Content_Shoot_West Michigan,,2025-09-21T14:57:58.987Z,1204760899165599,
P0010884 - Bostik Building Components,,2025-09-21T14:31:33.183Z,1210612028254321,
P0003045 - Solaris,,2025-09-21T14:31:11.132Z,1210010592970302,
M&G - Tactical Campaigns,,2025-09-21T14:31:00.489Z,1210673386447634,
P0009107 - Alto Shaam UAT,,2025-09-21T14:30:48.949Z,1210752626506802,
American Rheinmetall,,2025-09-21T14:30:18.672Z,1211147356600487,
P0005460 - Airbus - Verticon 2025,,2025-09-21T14:29:24.188Z,1209236467777890,
P0003084 - Interpon - Tier 1 Images,,2025-09-21T14:28:51.817Z,1206763578691250,
Thermomix Cookidoo - P0011139,,2025-09-21T14:28:50.775Z,1210726741573368,
Eclutch Digital Media Tracker,,2025-09-21T14:28:25.335Z,1211142067223574,
Weege Show Digital Media Tracker,,2025-09-21T14:28:20.497Z,1211142067223482,
Weave - Internal Board,,2025-09-21T14:27:31.234Z,1211134310688129,
Alignment Health - STEER,,2025-09-21T14:27:21.142Z,1211124496793536,
P0010895.3.1 - Hitachi Grid-enSure,,2025-09-21T14:27:06.311Z,1210234733523666,
P0011092 - Maersk - IMEA ABM Opportunity,,2025-09-21T14:26:53.024Z,1211102653296178,
P0011092 - Maersk x Uniqlo - Pre-meeting Email,,2025-09-21T14:26:38.943Z,1211092904223613,
Honda Marine Media,,2025-09-21T14:26:37.686Z,1208382684409404,
Swan - Internal - P0009863 ,,2025-09-21T14:26:02.287Z,1210002563437977,
Sage ISV - P0011037 - Professional Services Campaign,,2025-09-21T14:25:42.744Z,1211057719212707,
P0001012 - Gravity Outbound - Social assets,,2025-09-21T14:25:05.519Z,1209089301987886,
Sage ISV - P0011214 - QuickBooks Switcher Campaign,,2025-09-21T14:24:48.817Z,1211031764923605,
Sage ISV - P0011214 - QuickBooks Switcher Campaign,,2025-09-21T14:24:32.889Z,1211020999550299,
P0011345 - Hitachi Energy - SFC Technology,,2025-09-21T14:24:00.688Z,1210763953022545,
Marketing Dr. Accounting Transisition,,2025-09-21T14:21:49.994Z,1210928761441809,
P0010695  - Believ App Screen Image,,2025-09-21T14:21:49.255Z,1210928004095053,
KC390 New Livery,,2025-09-21T14:21:48.184Z,1210567917426639,
GET SH*T DONE LEADERSHIP SESSION,,2025-09-21T14:21:48.059Z,1210483886107454,
Boardroom Marketing Support Services - Job P002350,,2025-09-21T14:21:30.162Z,1207090461715815,
SEO Tasks for DPM,,2025-09-21T14:21:05.363Z,1210903654402253,
NAME - Prisma Training for New Starters,16/10/2025,2025-09-21T14:20:48.018Z,1210881477592561,
Tobago | Social Media Assets,,2025-09-21T14:20:46.971Z,1209309485958402,
FY25-26 Product Photo Editing and Retouching,,2025-09-21T14:20:14.777Z,1210859604590698,
FY25-26 Product Dealer Social Kit,,2025-09-21T14:20:14.057Z,1210859604590652,
MY25-26 Product Dealer Materials,,2025-09-21T14:20:13.393Z,1210859604590612,
FY25-26 Product Landing Page and Email,,2025-09-21T14:20:12.503Z,1210859604590567,
FY25-26 Product Media Assets,,2025-09-21T14:20:11.910Z,1210859604590528,
FY25-26 Product Running Footage ,,2025-09-21T14:20:11.326Z,1210859604590484,
FY25-26 Product Accessory Video,,2025-09-21T14:20:10.721Z,1210859604590440,
FY25-26 Campaign Shoot ,,2025-09-21T14:20:10.269Z,1210859604590317,
FY25-26 Product F&B Video,,2025-09-21T14:20:10.070Z,1210859604590396,
FY25-26 Campaign Creative Planning/Concepting,,2025-09-21T14:20:10.012Z,1210859604590275,
FY25-26 Product Launch Video,,2025-09-21T14:20:09.474Z,1210859604590352,
NAME - Prisma Training for New Starters,14/10/2025,2025-09-21T14:20:07.553Z,1210857760493299,
Gravity Social Templates,,2025-09-21T14:19:43.865Z,1210835654362760,
Beeline Website - UAT - P0008424,,2025-09-21T14:19:40.236Z,1210646267278974,
[INT] New Gravity Social Templates Conversion,,2025-09-21T14:19:39.738Z,1210833893638034,
HiBob People Proud,,2025-09-21T14:19:36.492Z,1209303425845387,
BT1 - 10-Year Anniversary Campaign,,2025-09-21T14:19:16.176Z,1210618558906685,
M&G - Client experience videos - P0009623,,2025-09-21T14:19:14.943Z,1210809548504801,
Investec Switzerland Annual Report 2025,,2025-09-21T14:19:14.808Z,1210805031625889,
P0009644 - 2025 One9 Refacing,,2025-09-21T14:17:33.733Z,1210687896574099,
One9 BB Tracker,,2025-09-21T14:17:09.122Z,1210728799361891,
P0003900.3.49 - MAN Individual LionS Campaign,,2025-09-21T14:16:48.294Z,1210637251774903,
NBUS- Tasks,,2025-09-21T14:16:06.220Z,1210329385125253,
Production & Content - Development Area ,,2025-09-21T14:15:57.536Z,1210681579421956,
Dell Accessories - Door Opener and Webinars - P0009974,,2025-09-21T14:14:25.287Z,1209483957847077,
P0009582 Moore's // Social Media,31/12/2025,2025-09-21T14:14:21.102Z,1209829191885069,
Pioneer | Honda Digital Media Tracker,10/07/2025,2025-09-21T14:14:11.243Z,1210629734584635,
ECA | Virgin Australia,,2025-09-21T14:14:09.523Z,1209097632139294,
P0009240 - M&G - Asia - Income,,2025-09-21T14:14:07.656Z,1208885847850820,
Adam Pod,,2025-09-21T14:13:54.509Z,1210617704800488,
Adam Pod,,2025-09-21T14:13:54.406Z,1210617704800482,
Adam Pod,,2025-09-21T14:13:54.314Z,1210617704800485,
Bestway,,2025-09-21T14:13:46.566Z,1210610440998415,
Gen Digital - AI Catalyst Initiative,,2025-09-21T14:13:45.572Z,1210609574579291,
Ignite Conference - P0010689,,2025-09-21T14:13:30.851Z,1210486734947154,
P0000971 - Interpon - Microsite Support,,2025-09-21T14:13:30.118Z,1206230218676297,
Workflow test,,2025-09-21T14:13:04.064Z,1210582828321497,
Legacy clients - Internal task board,,2025-09-21T14:13:01.932Z,1209088554039450,
Workflow Specialist - Creative requests,,2025-09-21T14:12:19.709Z,1210058945692479,
ADP - FY26,,2025-09-21T14:12:15.965Z,1210552794199190,
P0011166 - Avid Gated Asset Landing Pages,,2025-09-21T14:11:30.499Z,1210524599539378,
Optex - Creative 2025,,2025-09-21T14:11:25.307Z,1209606747605203,
Rite-Hite - Creative concepts 2025 (P0009985.2.2),,2025-09-21T14:11:25.062Z,1209986893771056,
P0010826 - Internal - Dell,,2025-09-21T14:10:26.752Z,1210506570721880,
INT | Project Board,,2025-09-21T14:10:25.586Z,1210251721040227,
EXT | Project Board,,2025-09-21T14:10:25.541Z,1209857965394827,
ECA | Mexicana,,2025-09-21T14:09:45.972Z,1209138202430138,
P0011195 2025 Oasis Date Part 2 Core Package Design [SOW #6],,2025-09-21T14:08:41.607Z,1210456616558985,
Client facing-MS Project Template,,2025-09-21T14:08:38.112Z,1210461130881735,
AkzoNobel Aerospace | Brand Video 2025 (P0010815.2.3),,2025-09-21T14:08:36.848Z,1210464274813205,
Honda Redesign - Old tickets,,2025-09-21T14:07:53.018Z,1210407900909158,
Wickles - Magic in the Jar (P0009583),,2025-09-21T14:07:05.731Z,1210420959112361,
AI STUDIO TEST_Bell Tiltrotor Landing Page,,2025-09-21T14:06:14.627Z,1210417158172582,
Workflow Specialist - Creative Requests,,2025-09-21T14:06:09.006Z,1209037945671167,
L10 Holiday Handover & Task Accountability Log,,2025-09-21T14:06:02.471Z,1210412643491086,
ECA | Small Narrowbody,,2025-09-21T14:06:01.259Z,1210410117170201,
Client facing-MS Project Template,,2025-09-21T14:05:51.064Z,1210386975840249,
P0003185 - Internal - Pzena,,2025-09-21T14:05:28.708Z,1209696234705477,
Managed Service template ,,2025-09-21T14:05:05.890Z,1210386834127080,
Central Team - Task Management,,2025-09-21T14:04:30.295Z,1210375952749485,
Print Media Tracker,,2025-09-21T14:03:49.289Z,1210356685161342,
Internal - NYBG - MS,,2025-09-21T14:03:26.468Z,1210349074098996,
Gold Wing Digital Media Tracker,,2025-09-21T14:03:17.005Z,1210343147453034,
Jupiter - Fixed Income,,2025-09-21T14:03:13.632Z,1210339853577476,
Honda Personalization - Old Tickets,,2025-09-21T14:03:12.665Z,1210269472125753,
P0011111 Option Care IG Collateral Refresh,,2025-09-21T14:02:33.477Z,1210331451217091,
GGAI Idea - PM Email Task - Testing Board,,2025-09-21T14:02:10.694Z,1210324325746007,
Tobago | Tourism Events,,2025-09-21T14:02:00.932Z,1206486035787218,
Pilot Hot Sheet,,2025-09-21T14:01:53.490Z,1209398804346029,
M&G Investments - SEO Support for website build,,2025-09-21T14:01:53.401Z,1210317572744131,
Email Template Pardot,,2025-09-21T14:01:47.825Z,1209719938015959,
Email Template Not Honda,,2025-09-21T14:01:47.704Z,1209719938016045,
Email Template signature,,2025-09-21T14:01:47.617Z,1209719938016236,
Honda Email Template,,2025-09-21T14:01:47.481Z,1209708638251146,
P0009690.1.1 - Jupiter Gear X/Cayman Islands Platform,,2025-09-21T14:01:36.772Z,1209842001957511,
Honda Phase 2 - Old Tickets,,2025-09-21T14:01:36.570Z,1210269472127811,
P0008362 Second to None Website Maintenance,,2025-09-21T14:01:21.514Z,1208809952904532,
[Dev] P001095 - Pre-Owned Aircraft Page,,2025-09-21T14:00:52.210Z,1204527709034322,
M&G - Global Dividend Fund - Tactical Campaign - P0009623,,2025-09-21T14:00:30.091Z,1210206011054891,
P0005225 GTM Bi-Weekly,,2025-09-21T13:59:02.626Z,1210226551688452,
P0002900.1.1.1 - Bostik - EA catalogue,,2025-09-21T13:58:59.480Z,1208410446286954,
Test Danh Dinh,,2025-09-21T13:58:13.773Z,1210203283805484,
P0010907.3.1 - Internal Redstor,,2025-09-21T13:58:05.802Z,1210107600422793,
P0005202 Internal Music app rebuilt,,2025-09-21T13:58:02.622Z,1209867014763603,
Social Media Calendar,,2025-09-21T13:57:44.730Z,1210189067865249,
P0004598 - Internal Research - Powerpoint ,,2025-09-21T13:57:13.228Z,1210168056945535,
Signals AI Conference MSP [with task template added],,2025-09-21T13:57:05.905Z,1210164269566323,
Vendor List - Content & Production,,2025-09-21T13:56:41.763Z,1209730655259977,
M&G UK Campaign,,2025-09-21T13:56:17.384Z,1210123794963437,
ECA | KLM,,2025-09-21T13:56:17.036Z,1209895385263200,
P0010783 - Maersk - Supply Chain Management,,2025-09-21T13:56:06.479Z,1209947627881188,
Getac Hubspot project,,2025-09-21T13:56:05.456Z,1210107608948386,
P0003205.1.1  Internal Believ,,2025-09-21T13:56:03.022Z,1210093240367545,
Honda MS - Old Tickets,,2025-09-21T13:56:01.447Z,1210269472125748,
SABR Calendar 2025,,2025-09-21T13:55:51.175Z,1209810956952097,
P0003045 - Internal - Solaris,,2025-09-21T13:55:49.304Z,1210010592970308,
Client facing-MS Project Template,,2025-09-21T13:55:14.571Z,1209648538157513,
P0008435 - M&G - South Africa,,2025-09-21T13:54:53.853Z,1208518135211704,
Test Client facing-MS Project Template,,2025-09-21T13:54:53.156Z,1210080087556534,
P0002841-1-18-IBCI-Mortgages-HNW-FS-Jan25,,2025-09-21T13:54:51.509Z,1210081884540870,
P0010712 HPS Email Design - Q1 & Q2 2025,,2025-09-21T13:54:31.909Z,1209205374802151,
Global Marketing Meetings,,2025-09-21T13:54:28.852Z,1210067535353315,
Airbus - Corporate & Pioneering,,2025-09-21T13:54:05.083Z,1207131109477329,
Caviar Photoshoot,,2025-09-21T13:54:03.675Z,1209941847832592,
Digital Media Tracker,31/10/2025,2025-09-21T13:53:32.792Z,1210018613326143,
Alto-Shaam x Gravity - Client Status Board,,2025-09-21T13:53:25.999Z,1210011077971403,
Jupiter - European Growth Fund (P0009690.1.1),,2025-09-21T13:53:25.612Z,1209980604147967,
P0005273 - Internal - Sands Capital MS,,2025-09-21T13:53:25.179Z,1210010592970289,
Honda Digital Media Tracker Template,,2025-09-21T13:52:50.049Z,1209994686686078,
P0003185 - Pzena,,2025-09-21T13:51:12.969Z,1210192938057674,
P0004598 - Client Portal,,2025-09-21T13:50:36.431Z,1209957396336537,
ECA | Hunnu Airways,,2025-09-21T13:50:22.047Z,1209236096441855,
[VN] Migrate From Jira to Asana,,2025-09-21T13:50:20.889Z,1209347142294863,
Anderson Public Library Hubspot site,,2025-09-21T13:49:44.734Z,1209944617254179,
P0009695 - Valify Dashboard,,2025-09-21T13:48:48.006Z,1209932743880317,
P0006660 - Securstyle 210/215,,2025-09-21T13:48:13.220Z,1208729826193811,
P0006383 - Beeline Dashboard,,2025-09-21T13:47:50.764Z,1209918682539722,
Certas Q2 April - June 25'(P0002912),,2025-09-21T13:47:28.964Z,1209909558849979,
CS Brand Video,,2025-09-21T13:47:24.741Z,1206297886376869,
CS | USA 3D Work,,2025-09-21T13:47:23.702Z,1209823620081181,
P0008424 - ABM Client - Beeline Dashboard,,2025-09-21T13:47:06.810Z,1209892180802716,
Creative/Video New Biz Requests ,,2025-09-21T13:46:30.930Z,1209874946790681,
AkzoNobel Packaging Guidelines,,2025-09-21T13:46:23.564Z,1209572480197065,
Akzo Packaging - PR 2025,,2025-09-21T13:45:24.741Z,1209846013109086,
P0003101 - HiBob - Video Series,,2025-09-21T13:45:19.292Z,1206763583085035,
[DRAFT] Job# - Content Production - MASTER,,2025-09-21T13:45:01.920Z,1209785959950901,
Rao's Homemade - 2025 Retainer ,,2025-09-21T13:44:49.801Z,1209807476472349,
P0010810 NYBG Salesforce,,2025-09-21T13:44:47.172Z,1209806635572516,
P0005227 - RUI USA Dashboard,,2025-09-21T13:44:28.572Z,1209794410655112,
P0009700 - Allegiance Capital Corporation Dashboard,,2025-09-21T13:44:28.444Z,1209794410655108,
P0009330 - HiBob Brand Book,,2025-09-21T13:44:11.499Z,1208981846035227,
P0002970-Jupiter-Dynamic&Strategic-Bond,,2025-09-21T13:43:46.803Z,1206718128283086,
Duplicate of Website Project Template,,2025-09-21T13:43:29.773Z,1209734868131566,
[DRAFT] Finance Requests - Content & Production,,2025-09-21T13:43:25.893Z,1209730655259960,
GGAI Website QA Tool P0010754,,2025-09-21T13:43:24.933Z,1209851726833639,
SES | MRO Americas Posters,,2025-09-21T13:42:39.260Z,1209704109779602,
ECA | Poland Geo-Target Campaign,,2025-09-21T13:42:21.323Z,1209041613421771,
Airbus - FTW - Phase 3,,2025-09-21T13:41:58.672Z,1209656181252391,
Honda 2025,,2025-09-21T13:41:43.343Z,1209635536028914,
P0009704 - USA Tolerance Rings Dashboard,,2025-09-21T13:40:51.807Z,1209591174973095,
Gravity - Internal Reviews - P0001012,,2025-09-21T13:40:45.744Z,1209572477116580,
Requests,,2025-09-21T13:40:44.467Z,1209578928524714,
Biometric Boarding Launch,,2025-09-21T13:40:43.942Z,1209578923511829,
M&G - New Strategy toolkit - P0009623 ,,2025-09-21T13:40:37.772Z,1209572476657476,
AI Liaison for Finance,,2025-09-21T13:40:36.735Z,1209572051039242,
Media AdOps Traffic,,2025-09-21T13:40:24.958Z,1209562282034199,
Veristat - Internal paid task board,,2025-09-21T13:40:21.438Z,1209088554039420,
EC | Pavilion Design,,2025-09-21T13:40:17.870Z,1209556060819950,
GGAI M&A Tools (P0010756),,2025-09-21T13:39:17.221Z,1209522732274454,
Jupiter - APAC Campaign,,2025-09-21T13:38:50.071Z,1206230774134013,
Producer Onboarding,,2025-09-21T13:38:45.272Z,1209503377452480,
P0005370 - AkzoNobel - Packaging Coatings - New Website ,,2025-09-21T13:38:33.617Z,1208638129175167,
Gravity Marketing,,2025-09-21T13:38:14.970Z,1209464486534401,
SES | MRO China 2025,,2025-09-21T13:38:09.692Z,1209453796612571,
Ecolab Purolite,,2025-09-21T13:36:22.282Z,1209364931991709,
ECA | Refresh E2 EIS,,2025-09-21T13:36:21.490Z,1208282180580229,
"P0002665.1.13 - Sage ISV - Financial Services, SaaS & NFP - FR -CA",,2025-09-21T13:36:20.752Z,1209363638138546,
P0009618 Ecolab 2025/2026 Planning FY25,,2025-09-21T13:35:36.030Z,1209208335437091,
P0009913 - Evolution - Office Design,,2025-09-21T13:35:02.133Z,1209299278861853,
Project - Match Fit,,2025-09-21T13:35:01.040Z,1209270269550738,
P0009574 CS Retainer Projects Jan-June 2025,,2025-09-21T13:34:43.619Z,1209092866197953,
P0009300.3.12.2 - MAN Electric Events 2025 - Feather Flag ,,2025-09-21T13:34:20.186Z,1209214189665912,
MAN SoMe Calendar 2025,,2025-09-21T13:32:47.732Z,1209141549081201,
P0009300.3.7 - MAN Trucks - Uptime Guarantee Trucks Jan25,,2025-09-21T13:32:44.494Z,1209137916202943,
P0009300.3.6 - MAN Trucks - Truck Warranty Overview Jan25,,2025-09-21T13:32:44.420Z,1209137902333729,
Intrepid Fiber Networks - Intrepid Fiber Two Pager and Yard Sign,,2025-09-21T13:32:25.178Z,1209119110786388,
StackGen Managed Service,,2025-09-21T13:32:18.009Z,1209111585087501,
SoMe SLT WIP ,,2025-09-21T13:32:13.140Z,1209106195634625,
Trillium - Internal task board,,2025-09-21T13:31:56.011Z,1209088554039391,
MAN - Internal task board,,2025-09-21T13:31:55.790Z,1209088554039414,
P00002904.6.45 - MAN - Apprentice Certificates ,,2025-09-21T13:31:53.090Z,1209085317383277,
SES | MRO 2025,,2025-09-21T13:31:49.936Z,1209077935508024,
P0002970-3-1-Jupiter-DE-event-DOOH-001,,2025-09-21T13:31:43.459Z,1209070521536510,
NVIDIA EMEA Campaigns Q3,,2025-09-21T13:31:10.106Z,1209006458936740,
NVIDIA APS Campaigns ,,2025-09-21T13:31:10.002Z,1209006458936617,
Business Leaders EMEA,,2025-09-21T13:31:09.810Z,1209006458936517,
Certas Q1 Jan - March 25'(P0002912),,2025-09-21T13:30:54.289Z,1208987598442829,
P0002904.2.20 MAN Trucks - Social Assets,,2025-09-21T13:30:53.131Z,1208981846035208,
VOCO-Finance Finalization,,2025-09-21T13:30:32.390Z,1208959752825124,
SES | Xmas Card 2024,,2025-09-21T13:29:53.757Z,1208893082727675,
MFB - Paid Media (MD),,2025-09-21T13:29:16.873Z,1207407486512076,
P0005363 - Pioneer Media Asset Development,,2025-09-21T13:29:00.269Z,1208810316561395,
JUPITER - 40th Anniversary,,2025-09-21T13:28:41.877Z,1208681895708091,
P0005373 - Varco Pruden Dashboard,,2025-09-21T13:27:56.418Z,1208735079319094,
CFM - Pitch,,2025-09-21T13:27:51.063Z,1208189383069903,
P0005395 - Pecan Deluxe Dashboard,,2025-09-21T13:27:48.730Z,1208721305513357,
P0008405 - Gravina's Windows Dashboard,,2025-09-21T13:27:48.173Z,1208721305513353,
Manage production-level internal tools​,,2025-09-21T13:26:42.929Z,1208645565926167,
Social Media,,2025-09-21T13:26:24.532Z,1208620869135933,
P0005331 - Drager - Gas Detection Compliance,,2025-09-21T13:26:22.481Z,1207997285912180,
Braun Intertec - Braun Intertec - Pamphlet Design - Job P0008477,,2025-09-21T13:25:58.832Z,1208580250314576,
P0001236 - Payoneer - Videos,,2025-09-21T13:25:24.949Z,1206326590725371,
CPC (P0004903),,2025-09-21T13:24:42.583Z,1208293014217240,
Believ - F.A.B.,,2025-09-21T13:24:01.851Z,1208410307360543,
Embraer Commercial & Defense Banners,,2025-09-21T13:23:50.491Z,1208387516844324,
P0005875 - Perry Homes - Year End Sales Event campaign,,2025-09-21T13:23:45.091Z,1208380472146620,
F.A.B. Requests,,2025-09-21T13:22:35.835Z,1208277764406443,
P0001180 - Sage Partners Acquisition Programme,,2025-09-21T13:22:10.171Z,1208236203026287,
ECA | Engineering Change S4,,2025-09-21T13:22:08.678Z,1208234046996235,
ECA | E2 Interiors Campaign,,2025-09-21T13:21:43.697Z,1207157698166028,
P0002970 - Jupiter - UK Equity Income Fund,,2025-09-21T13:20:26.386Z,1207169593243358,
ECA | E2 & E175 Adverts,,2025-09-21T13:19:48.028Z,1208019559391340,
P0004682 - Draeger - Health of the Fighter,,2025-09-21T13:19:34.917Z,1207502272763595,
AHFC Military and Grad Campaign Production,,2025-09-21T13:19:30.980Z,1206490977958527,
P0001257 - Embraer - E-Freighter,,2025-09-21T13:19:10.551Z,1206394536974838,
Resource Blocking,,2025-09-21T13:18:57.622Z,1206319973852253,
ECA | LOT Campaign,,2025-09-21T13:18:55.186Z,1207369366705499,
Interpon - ACE - Aug 2024,,2025-09-21T13:18:49.790Z,1207924328729078,
P0004537 - HiBob - Q3 Gen Z refresh,,2025-09-21T13:17:10.520Z,1207853203613009,
Stampe Airshow,,2025-09-21T13:17:10.356Z,1207799740283125,
Thuong's projects,,2025-09-21T13:17:05.534Z,1207840263393342,
P0003081 - Interpon - GTC - DAUs 2024,,2025-09-21T13:14:48.364Z,1207656213057754,
Meeting Agenda - Defy,,2025-09-21T13:14:47.843Z,1207658188577016,
CFM MRO Naming Project,,2025-09-21T13:14:27.322Z,1207618581484162,
HoganTaylor - HoganTaylor Creative Support 2024 - Job P0004632,,2025-09-21T13:13:52.155Z,1207499056202569,
GE Aerospace - FIA24,,2025-09-21T13:13:38.672Z,1207512200619304,
ECA | Fboro 2024,,2025-09-21T13:13:25.808Z,1206579496099284,
ECA | Binter Campaign,,2025-09-21T13:12:58.630Z,1207452430889473,
HiBob - OOH & Digi campaign,,2025-09-21T13:12:43.584Z,1207421846207684,
CFM - Farnborough,,2025-09-21T13:12:30.740Z,1206857119111787,
[Dev] Priority Swimland,,2025-09-21T13:12:28.733Z,1207418518495325,
Perry Homes - GG (MD hub),,2025-09-21T13:12:24.635Z,1207116107071690,
SES | China Booth Design,,2025-09-21T13:12:09.241Z,1207382771130798,
[DEV - P001178] HPS 4th of July,,2025-09-21T13:11:27.766Z,1204868141079733,
P00022855 - Evolution - New logo job,,2025-09-21T13:10:07.229Z,1207202831827932,
Stampe - Newsletter,,2025-09-21T13:10:05.983Z,1207203291815809,
2339_FORD_MemorialDay_RADIO,,2025-09-21T13:09:39.692Z,1207200352708539,
Search & Social Team NA,,2025-09-21T13:09:35.945Z,1207092348167776,
Embraer Defence C390,,2025-09-21T13:08:07.419Z,1206351577179820,
P0003084 - Interpon - Social calendar,,2025-09-21T13:07:55.873Z,1207087400461398,
P0004537 - HiBob - Q3 Learning,,2025-09-21T13:07:45.500Z,1207071889000660,
ECA | Scoot ,,2025-09-21T13:06:51.680Z,1206351577179806,
PL Transition,,2025-09-21T13:06:16.256Z,1206955718135696,
Neste MY Renewable Diesel - P0003096.5.2 - Neste MY - Roll ups - France,,2025-09-21T13:04:02.150Z,1206763583085056,
P0002921.2.3 - CFM - RISE - Open Fan - Statics,,2025-09-21T13:03:17.715Z,1206707845210590,
Neste MY Renewable Diesel - P0002806 - Neste - Creative brief,,2025-09-21T13:03:14.341Z,1206695327270780,
P0002921.3.3-MRO Americas - Booth graphic,,2025-09-21T13:03:00.458Z,1206680426552543,
P0003025 - HiBob - Q2 - Hiring Module,,2025-09-21T13:02:12.561Z,1206593703654412,
P002149 MEDC CRM,,2025-09-21T13:02:10.029Z,1206584347447564,
Quarterly Business Review,,2025-09-21T13:01:21.454Z,1206520876789414,
CS Branding,,2025-09-21T13:01:21.278Z,1206326794118152,
P0001012 - Internal Gravity,,2025-09-21T13:00:40.701Z,1206230774133936,
Support Retainer,,2025-09-21T13:00:26.729Z,1206380337135006,
SES | ARABIAN Aerospace Ad,,2025-09-21T13:00:21.520Z,1206427518256896,
Norman Urology - NormanUrology - Retainer ,,2025-09-21T12:59:58.175Z,1206051795334605,
P002084 SiliconExpert Website,,2025-09-21T12:59:42.444Z,1206378252471672,
2338_FORD_MemorialDay_TV,,2025-09-21T12:59:16.306Z,1207200350869100,
P0001007 - Annual Leave - Oxford,,2025-09-21T12:59:11.501Z,1206278708495136,
P0002448 Embraer Singapore Air Show,,2025-09-21T12:58:20.509Z,1206264457429802,
Example - WP Website Development,,2025-09-21T12:47:09.970Z,1202537035687925,
Creative Requests,,2025-09-21T12:42:41.027Z,1205116269102358,
Gravity - Growth Practice Area - FAB projects ,,2025-09-21T12:42:39.845Z,1205116338147032,
27909 - DockZiilla - MPLS - Buyer's Guide Update,,2025-09-21T12:42:07.376Z,1205116582532601,
27701 - Marketo Education Content & Presentations,,2025-09-21T12:42:04.375Z,1205116582532605,
Account Plan Doc Completion,,2025-09-21T12:41:58.187Z,1205116582693570,
CSCP Managed Hosting - Job P0009680,,2025-09-21T12:32:15.326Z,1203803543738241,
[DEV - P001391] Frutura - Sprint,,2025-09-21T12:31:53.411Z,1204753645535938,
[Dev] P001018 RadioWaves: Website ,,2025-09-21T12:31:33.562Z,1202250425789144,
[Dev-B2C-P000867] - Ergomotion Shopify,,2025-09-21T12:30:52.552Z,1203577033280651,
[Dev] P001079 Real-Time Dealer Inventory BE setup,,2025-09-21T12:29:40.146Z,1203880667611520,
[DEV] P000965 Seneca Retainer,,2025-09-21T12:25:55.762Z,1204344059869507,
[DEV] - P000437 - ST&R: Managed Hosting [Sprint],,2025-09-21T12:25:53.114Z,1202077419859674,
[DEV] P000232 - Bosley GA4 Migration,,2025-09-21T12:25:17.236Z,1204446233470501,
P000232 - Bosley GA4 Migration,,2025-09-21T12:25:17.178Z,1202570936256797,
[DEV] - 16651 HONDAJET WEBSITE MAINTENANCE,,2025-09-21T12:25:16.383Z,1201968736097431,
[Dev]-P000855 - Bosley B&A Module Development,,2025-09-21T12:24:30.463Z,1202888390148264,
16653 Honda PS XR150L/CRF300L Model Release Email,,2025-09-21T12:24:07.962Z,1203954566215952,
[DEV - 16636] Honda Marine Spring Into Savings events,,2025-09-21T12:24:04.638Z,1203709552314678,
[Dev] P001056 HPS - Family of Brands Utility Nav,,2025-09-21T12:23:08.386Z,1203972331219618,
P001106 - Product Page Update,,2025-09-21T12:23:04.879Z,1204086326165363,
[Dev] P001018 RadioWaves,,2025-09-21T12:22:25.789Z,1204051937640833,
16636 Honda PE Premier Dealership/Service Dealer - Spring Edition/Mower Series,,2025-09-21T12:22:07.444Z,1203978186410130,
P000967 MEDC Business Campaign Awareness Videos Post Production,,2025-09-21T12:19:44.589Z,1203812817329420,
[DEV] - P000038 - Fitzsimons (Learn skill Gutenberg),,2025-09-21T12:18:23.010Z,1203660149451557,
Copywriters,,2025-09-21T12:17:31.696Z,1202932238247962,
[P000547 - DEV] IDOC NATL MTG,,2025-09-21T12:17:16.133Z,1203591675773957,
[DEV - P000349] Alcon - Dr. Adams T30 Collateral,,2025-09-21T12:16:57.709Z,1203575871203044,
[DEV - 16653] HPS Supercross ,,2025-09-21T12:16:47.837Z,1203566322409382,
[DEV] Emerg Vis DTC Email - PWST/Rebates,,2025-09-21T12:16:37.735Z,1203550720985533,
[Dev] 16515 Bosley Cookie Policy,,2025-09-21T12:15:23.222Z,1202618965564790,
[DEV] Alcon email collections,,2025-09-21T12:15:03.097Z,1202620851601310,
[DEV] Manage website portal,,2025-09-21T12:14:53.420Z,1203044094587763,
[16653] Bikes Under $5K ,,2025-09-21T12:14:35.027Z,1203424147711955,
[Dev] P000614 HondaJet – Privacy Policy Updates,,2025-09-21T12:14:26.338Z,1203424003698652,
Signature Collection,,2025-09-21T12:14:24.607Z,1203416887823313,
[DEV] - 016052-1 Bell: AR Experience for AUSA,,2025-09-21T12:14:05.638Z,1202319111505923,
[DEV] Rebel CMX1100T Model Release (16653),,2025-09-21T12:13:34.172Z,1203350111020361,
MEDC - P000551  Brand Photoshoot,,2025-09-21T12:12:46.738Z,1203306328943742,
Senior Designer Content Calendar,,2025-09-21T12:11:56.767Z,1203264616578736,
"16653 HPS, HPE and Marine MyGarage ",,2025-09-21T12:10:19.402Z,1203185259929679,
Pioneer 1000-6 Deluxe Crew Accessories [16653],,2025-09-21T12:06:35.069Z,1203369015178749,
[DEV-16653]4-Wheel Accessories Spotlight - Develop 5 emails,,2025-09-21T12:05:17.629Z,1202959711130802,
DEV - Subsole - Job #P000333 [Sprint],,2025-09-21T12:05:11.949Z,1202959568598158,
DEV - TFX Email - P000103,,2025-09-21T12:04:46.847Z,1202942614803948,
P000210 North Western Media : NWM Web Retainer,,2025-09-21T12:04:40.617Z,1202521139475902,
304 - Howard Hughes Project,,2025-09-21T12:04:21.644Z,1202901958514837,
[DEV - 16693] P66 Future of Fuel Email ,,2025-09-21T12:04:11.219Z,1202634313649359,
MEDC_NAIAS_ Digital Banners ,,2025-09-21T12:04:00.155Z,1202896468045340,
[Dev-16653] - Honda  Email,,2025-09-21T12:03:11.293Z,1202657281237639,
[DEV] P000192 Ergomotion Email,,2025-09-21T11:59:10.195Z,1202564787950600,
[DEV] Fiji - 16207 Tourism Fiji Map,,2025-09-21T11:59:06.111Z,1202387386083803,
[DEV] 7Miles Global Web Updates,,2025-09-21T11:58:57.471Z,1202545098088347,
P000213 Ameriprise : Ameriprise Credit Card Tool,,2025-09-21T11:58:18.377Z,1202521139475928,
P000212 Dockzilla : Dockzilla Sales Tool,,2025-09-21T11:58:18.312Z,1202521139475920,
P000211 Sonex Health : Sonex Web Retainer,,2025-09-21T11:58:18.249Z,1202521139475912,
P000218 Kerry : Kerry Biosearch Web Retainer,,2025-09-21T11:58:17.118Z,1202540527828300,
P000219 Kerry : Kerry Wellmune and BC30 Web Retainer,,2025-09-21T11:58:02.608Z,1202521139475936,
Fitzsimons Retrospective,,2025-09-21T11:55:16.358Z,1202372636758722,
BA Team - Creative Tasks Management ,,2025-09-21T11:52:37.742Z,1201812451269845,
[Dev] P001013 Kaelus General,,2025-09-21T11:52:32.283Z,1202234316807131,
[Dev] 16100 HPS NAVIGATION REDESIGN,,2025-09-21T11:52:00.478Z,1202180752362771,
[DEV - P000045] TalentReef [Sprint],,2025-09-21T11:49:38.673Z,1201981461676923,
DEV (16651) HondaJet Sitecore Upgrade ,,2025-09-21T11:49:18.971Z,1202133601670118,
16580 Fiji BYB 2 Production,,2025-09-21T11:49:16.107Z,1202002104088242,
16778-ADCS-Online Booking Rebuild,,2025-09-21T11:48:55.210Z,1202013387026726,
April 2022 - Monthly Website Updates (Managed Website),,2025-09-21T11:48:52.277Z,1202010175791408,
16653 HPE Email Design Refresh (FY22),,2025-09-21T11:48:27.214Z,1201980928823541,
Backend Master,,2025-09-21T11:47:37.216Z,1201938937945779,
Email List,,2025-09-21T11:47:17.338Z,1201911541768855,
SG Chill,,2025-09-21T11:46:25.286Z,1201848141092455,
Example- WP Website Development,,2025-09-21T11:45:59.545Z,1201804726600877,
KB: DP - Issue Log & Lesson Learned Register,,2025-09-21T11:45:48.787Z,1201776821466614,
Cypress Project (Managed Cypress Tasks),,2025-09-21T11:45:37.477Z,1201622901846159,
Software Implementation,,2025-09-21T11:44:54.786Z,1201433818367510,
Software & System Deployment,,2025-09-21T11:44:54.492Z,1201433818367481,
[DEV] - P000834  Gravity 9thWonder Email,,2025-09-21T02:16:23.653Z,1204783040846811,
[DEV- P001178] HPS MY23 Talon Model Release,,2025-09-20T17:49:53.119Z,1204782644499791,
[DEV - 16636] HPS Trip Planner Sunset Emails,,2025-09-20T05:00:52.130Z,1203954070710195,
[DEV - P001178 ] HPS Father's Day,,2025-09-20T05:00:43.086Z,1204633620466498,
[DEV] B2B Ergomotion Website MRO Retainer [2023] P000867,,2025-09-19T23:24:32.258Z,1203592125530487,
Pinpoint Q4 - Enhancements,,2025-09-19T12:37:49.730Z,1211395593256657,
ECA | Freighter,,2025-09-18T08:23:11.868Z,1208244777856321,
Neste MY Renewable Diesel - P0002820 - Neste - Website copy refresh,,2025-09-17T11:19:36.216Z,1206264059492398,
Airbus - OOH - Marseille Airport (P0009597.3.59),,2025-09-16T08:34:18.644Z,1211023456764807,
[ DEV - P001178 ] HPS Ride Education Center / Safety Awareness Month,,2025-09-15T01:24:10.399Z,1204536348933636,
[DEV - P001178] HPS Motocross Team Announcement,,2025-09-14T18:31:12.083Z,1204530078256398,
[DEV - 16636]Honda PE Premier Dealership/Service Dealer - Spring Edition/Mower Series,,2025-09-11T01:10:49.922Z,1204171896717161,
Braun Intertec -  Braun Intertec Video - Job P0005321,,2025-09-10T13:39:00.337Z,1208214150879010,
Braun Intertec - Braun Intertect Branding & Design Support - Job P0004716,,2025-09-10T13:38:58.743Z,1207814876599860,
[DEV - 16653] Honda PS XR150L Model Release,,2025-09-09T21:41:58.052Z,1204171791699466,
Cross Project DX,,2025-09-09T04:20:36.761Z,1211255095799672,
[DEV - 16653] Honda PS Honda Hangout Event Email,,2025-09-08T05:51:52.882Z,1204093880521764,
[DEV - 16653] HPS Talon Get Out and Ride Email,,2025-09-08T04:34:20.860Z,1204002010768390,
Hearsay Systems - [DEV] P000436 - Hearsay Starter Kit Project,,2025-09-08T03:45:50.759Z,1203321030520913,
[Dev - 16653] Honda PS Get Ready for Riding Season Email,,2025-09-08T02:21:58.468Z,1204061529272042,
[DEV - 16653] Accessories Spotlight Pioneer 1000-3/1000-5,,2025-09-06T00:11:11.739Z,1203653040593758,
M&G - 6 Degrees of Connection,,2025-08-29T08:19:51.830Z,1210123783568471,
High Priority,,2025-08-27T13:00:46.656Z,1211146288499390,
Tech SEO ,,2025-08-18T23:49:46.797Z,1207988684753783,
Tract Capital Managed Hosting - Job P0005294 ,,2025-08-06T03:37:10.332Z,1208093052990121,
Signals AI Conference MSP,,2025-07-24T15:42:36.352Z,1210164269566314,
P0004538.1.1 - Investec - Annual report for 2023-24,,2025-07-16T17:33:46.501Z,1207203291815834,
Organic Landscape Analysis,,2025-07-09T20:01:11.749Z,1210753060687727,
Parental Leave,,2025-07-04T14:00:55.494Z,1210714874931856,
Creative Production Requests,,2025-06-25T18:00:35.010Z,1210629734584654,
C390 Refresh,,2025-06-25T09:16:57.154Z,1208340084319202,
26418 - First Ave Trade ,,2025-06-25T09:16:34.091Z,1205116269057268,
AWFS Trade Show - P0009907,,2025-06-24T17:47:16.824Z,1209921392190669,
UAT Template,,2025-06-24T17:46:55.444Z,1209810361681265,
Pzena Investment Management,,2025-06-24T17:46:34.533Z,1209648759399430,
P0003432.23.1 Configurator and Continue Shopping Prototype,,2025-06-24T17:46:12.017Z,1209491564395894,
Teleperformance - Teleperformance DemandBase Project,,2025-06-24T17:43:31.674Z,1208650177501624,
SES | MRO Americas 2024,,2025-06-24T17:43:13.079Z,1206493939691332,
SES | MRO Asia,,2025-06-24T17:43:12.985Z,1207977496887437,
Saluda Website Refresh SEO,,2025-06-24T17:43:10.832Z,1207867169100418,
P0002970.3.1 - Jupiter - Global Sovereign,,2025-06-24T17:39:03.522Z,1208156882848362,
P0002970.3.1 - Jupiter Creative retainer,,2025-06-24T17:39:03.419Z,1208829262825323,
P0002447 ECA | E175,,2025-06-24T17:38:24.681Z,1206286183634715,
Jupiter - UK Dynamic Fund,,2025-06-24T17:34:56.197Z,1207896922765502,
Interpon - PR copy support,,2025-06-24T17:34:51.253Z,1208282585886427,
Gravity Operational Infographic,,2025-06-24T17:34:35.344Z,1206441532814394,
First Merchants Bank,,2025-06-24T17:34:24.671Z,1209257625650591,
ECA | Proactive Project,,2025-06-24T17:34:11.669Z,1208019555096740,
ECA | Cards Digital Platform,,2025-06-24T17:34:05.044Z,1207168798735210,
ECA | Customer Cases,,2025-06-24T17:34:04.974Z,1206520964378478,