project_gid,name,true_last_activity,days_since_activity,genuinely_stale,tasks_checked,stories_checked
1203256287167556,[DEV] P000895 - Tract,2026-07-14T04:24:34.190000+00:00,51,False,9,140
1201804335573457,IT Requests,2026-02-25T06:26:17.467000+00:00,190,True,94,545
1202307572099831,55 - HTPD Town Hall PPT,2026-02-25T06:26:36.029000+00:00,190,True,12,115
1202345380033501,[DEV - P000913] Outrider [Sprint],2026-02-25T06:26:37.062000+00:00,190,True,151,1492
1205116338250594,MPLS & ABM Transition,2026-02-25T06:27:22.381000+00:00,190,True,28,127
1205116582692367,Ops Tickets,2026-02-25T06:27:14.076000+00:00,190,True,130,921
1206107247955965,Meetings,2026-02-25T06:27:37.071000+00:00,190,True,102,387
1206195184666185,Gravity Branded Email Templates,2026-02-25T06:27:38.918000+00:00,190,True,3,19
1206611470695262,PR team - Internal projects,2026-02-25T06:27:49.012000+00:00,190,True,1,3
1206697016577828,Client Service Onboarding: Gates,2026-02-25T06:27:42.499000+00:00,190,True,74,308
1207076018378515,P0002698 - PKF Little John Advisory Socials templates,2026-02-25T06:27:53.740000+00:00,190,True,3,16
1207227246081051,MPLS PROJECT TEMPLATE 2023,2026-02-25T06:27:59.841000+00:00,190,True,8,13
1207227246081055,MPLS PROJECT TEMPLATE 2023,2026-02-25T06:27:59.900000+00:00,190,True,8,13
1207472348795961,Global Process Documentation ,2026-02-25T06:27:56.888000+00:00,190,True,1,10
1207686072480981,Tobago | Corporate Assets,2026-07-14T10:54:18.533000+00:00,51,False,12,151
1207719152384585,P002256 HPS Email Template Creation,2026-02-25T06:28:01.168000+00:00,190,True,7,39
1207807429021677,Tobago | Design Templates,2026-02-25T06:27:53.694000+00:00,190,True,6,72
1207901738291904,Biz Dev ,2026-04-02T18:54:53.443000+00:00,153,False,1,13
1207936539165855,Global Resource Management - Creative ,2026-02-25T06:27:57.290000+00:00,190,True,4,30
1207997285909057,Airbus - H145M ,2026-02-25T06:27:58.894000+00:00,190,True,4,67
1207997285909067,P0002802.1.12 - Airbus - A220,2026-02-25T06:27:58.956000+00:00,190,True,3,70
1208277764406443,F.A.B. Requests,2026-03-21T18:28:34.796000+00:00,165,False,1,6
1208315991371618,Airbus - A400M,2026-04-10T22:29:47.470000+00:00,145,False,8,160
1208446323127302,Julie's To-Do List,2025-09-21T13:24:29.493000+00:00,346,True,3,13
1208517447344693,Tobago | Cruise Ship Schedule Assets,2026-07-14T10:54:14.995000+00:00,51,False,10,137
1208566644849979,Allegiance Tech Audit (P001857),2025-09-21T13:25:53.259000+00:00,346,True,1,10
1208708249248661,Payroll and Tax Tasks,2026-05-15T19:13:46.236000+00:00,110,False,17,793
1208737804434371,[Example] General work management,2026-06-03T11:47:03.481000+00:00,91,False,11,13
1208737804434374,[Example] Team collaboration,2026-06-03T11:47:03.474000+00:00,91,False,11,13
1208737804434377,[Example] Event planning,2026-06-03T11:47:03.471000+00:00,91,False,11,13
1208824916222701,Gravity - HR Request - Wellbeing Flyer Design,2026-02-07T14:51:54.951000+00:00,207,True,1,6
1208966612840794,Paid Media PM Asana Template - Quarterly,2025-09-21T13:30:38.414000+00:00,346,True,37,37
1209309485958402,Tobago | Social Media Assets,2026-07-14T10:54:09.467000+00:00,51,False,26,292
1209341569523023,Gravity Email Newsletter,2025-09-21T13:36:13.786000+00:00,346,True,1,12
1209810603298996,Paul's Job,2025-09-21T13:44:52.618000+00:00,346,True,1,5
1210010592970285,P0005273 - Sands Capital - Client-facing,2026-08-19T04:42:44.597000+00:00,15,False,4,23
1210167981092335,GG INT Projects ,2026-07-22T07:59:51.062000+00:00,43,False,15,440
1210332757698540,M&A - Due Diligence Falcon,2026-08-07T15:57:39.009000+00:00,26,False,23,134
1211375361505143,Cory's Internal Projects,2026-04-19T03:11:58.593000+00:00,137,False,3,14
1211794312040342,ICIS OCI Report,2026-04-26T11:26:49.071000+00:00,129,False,7,38
1211794316974740,Nemours Power BI,2026-04-26T11:27:01.915000+00:00,129,False,5,36
1211994314451601,Honda Hot Sheet - Set Up,2026-07-02T18:47:32.307000+00:00,62,False,2,16
1212272605279527,MAN Pacer,2026-04-27T09:00:36.840000+00:00,129,False,10,44
1212335811020021,Phuoc's Outsource project,2026-04-27T07:21:42.086000+00:00,129,False,1,7
1212682710571104,P0012458 - FY25 Honda x Progressive Sweepstakes CRF450RX,2026-02-18T16:34:46.601000+00:00,196,True,5,57
1212707108257006,Window World Billboards - P0011610	,2026-08-06T23:28:58.317000+00:00,27,False,1,3
1213087963600771,Airbus Campaign Template,2026-07-02T19:16:50.719000+00:00,62,False,19,19
1213523621867432,Campaign Template,2026-07-17T15:17:54.598000+00:00,47,False,6,6
1201419888491769,Team Goals & Milestones,2026-02-25T06:26:16.200000+00:00,190,True,7,7
1201630530770402,Sprint Internal Projects,2026-02-25T06:26:19.370000+00:00,190,True,33,264
1202249986869628,AHA: Project Template,2026-02-25T06:26:34.423000+00:00,190,True,30,185
1202285611370498,Nemours Template,2026-02-25T06:26:35.176000+00:00,190,True,34,44
1202334306212962,Jewish Community Foundation - JCF Misc. Tasks / AdHoc Requests Template,2026-06-08T01:03:56.547000+00:00,87,False,24,873
1202577974705450,TEMPLATE _ FORD TV Production,2026-02-25T06:26:34.705000+00:00,190,True,33,97
1202662431551909,"Forms, Templates & How-Tos",2026-06-01T21:54:29.477000+00:00,93,False,13,27
1202889070737640,P000382 - Client Portal,2026-04-02T18:54:53.434000+00:00,153,False,48,1142
1202901958514902,Rachel's New Bus Template - Howard Hughes Project,2026-02-25T06:26:41.232000+00:00,190,True,17,42
1202932238247925,Art Directors,2026-02-25T06:26:42.191000+00:00,190,True,236,4945
1202932238247962,Copywriters,2026-02-25T06:26:42.261000+00:00,190,True,151,2447
1203453980586490,[16653] Gifts That Go 2022 Holiday Email,2026-02-25T06:26:46.218000+00:00,190,True,21,123
1203575688653095,Sprint Daily Task Management,2026-02-25T06:26:49.447000+00:00,190,True,673,3924
1203665223001281,Template - TV taggin,2026-02-25T06:26:41.190000+00:00,190,True,34,95
1203810268500709,Duplicate of AHA: Virginia's Template,2026-03-23T13:30:05.509000+00:00,163,False,26,53
1203823186530286,MEDC - Duplicate of AHA: Virginia's Template,2026-05-06T12:10:40.566000+00:00,119,False,26,64
1205116269102358,Creative Requests,2026-02-25T06:27:04.239000+00:00,190,True,200,1384
1205116338250328,Open Enrollment - 2024,2026-02-25T06:27:21.401000+00:00,190,True,16,38
1205116338250588,Wes - Task from Email,2026-02-25T06:27:22.285000+00:00,190,True,15,69
1205116338251100,L10 Example,2026-02-25T06:27:14.289000+00:00,190,True,25,29
1205116582532605,Colder Products Company - 27701 - Marketo Education Content & Presentations,2026-04-02T16:42:01.912000+00:00,153,False,52,70
1205116582693309,US Office IT ,2026-02-25T06:27:14.946000+00:00,190,True,83,629
1205116582705721,Security Tasks,2026-02-25T06:27:17.371000+00:00,190,True,105,422
1205274451752581,[VN] English Club,2026-02-25T06:27:33.781000+00:00,190,True,14,54
1205276690257083,Summer Internship 2024,2026-02-25T15:00:15.940000+00:00,189,True,18,77
1205278949378724,Edge Creative Team L10 Meeting ,2026-04-05T23:56:43.486000+00:00,150,False,297,1772
1205328057280409,Digital Media Strategy and Execution Template,2026-02-25T06:27:25.387000+00:00,190,True,28,64
1205443322795807,Finance Leadership L10,2026-02-25T06:27:27.262000+00:00,190,True,32,125
1205500027983590,Experience L10,2026-02-25T06:27:28.033000+00:00,190,True,31,113
1205521145680103,ESLT,2026-07-10T20:06:55.242000+00:00,54,False,364,1398
1205570594695742,GG Client Service L10,2026-02-25T06:27:29.292000+00:00,190,True,7,29
1205676680305855,Sprint Website Process Template (USE),2026-02-25T06:27:31.767000+00:00,190,True,39,49
1205899850465196,Gravity Global - ABM Paid Media Campaign,2026-02-25T06:27:27.903000+00:00,190,True,17,104
1205968187445376,Asana x Gravity Global - Success Planning,2026-02-25T06:27:30.740000+00:00,190,True,8,38
1206049909396927,MEDC - MEDC - FY24 MEDC Template,2026-07-11T01:03:42.454000+00:00,54,False,83,130
1206082388101021,Web Project Templates,2026-02-25T06:27:36.200000+00:00,190,True,133,354
1206092756392323,Training Centre,2026-02-25T06:27:36.458000+00:00,190,True,10,33
1206266703932396,Secure US HR,2026-05-02T13:38:10.212000+00:00,123,False,138,936
1206313161153237,Talent Acquisition Team,2026-02-25T15:00:02.834000+00:00,189,True,29,370
1206319973852253,Resource Blocking,2026-02-25T06:27:36.308000+00:00,190,True,27,159
1206459470098675,Gravity Script,2026-02-25T06:27:42.843000+00:00,190,True,3,17
1206500118832501,Local Gravity Meeting Backgrounds,2026-02-25T06:27:44.488000+00:00,190,True,9,19
1206556428908546,Innovation SLT,2026-02-25T06:27:47.167000+00:00,190,True,1,1
1206599483279838,New Starter Checklist ,2026-02-25T06:27:48.394000+00:00,190,True,21,23
1206599486554227,Leavers Checklist,2026-02-25T06:27:48.460000+00:00,190,True,14,14
1206599868789753,Recruitment Checklist ,2026-02-25T06:27:48.529000+00:00,190,True,4,4
1206605126358616,"Client Experience SLT - Customer Experience SLT meeting - headlines, issues, action items board",2026-06-04T16:07:37.111000+00:00,90,False,9,21
1206680941552007,Month End,2026-02-25T06:27:41.663000+00:00,190,True,6,15
1206761892050119,Duplicate of Sprint Website Process Template (USE),2026-02-25T06:27:44.790000+00:00,190,True,34,53
1207040095329204,Client Service Onboarding: Linda,2026-02-25T06:27:52.322000+00:00,190,True,77,265
1207055782648230,Live Operations Initiatives,2026-02-25T06:27:52.960000+00:00,190,True,46,207
1207090461715815,Boardroom Marketing Support Services - Job P002350,2026-02-25T06:27:55.048000+00:00,190,True,106,408
1207092348167776,Search & Social Team NA,2026-07-02T00:42:10.527000+00:00,63,False,20,79
1207142093315322,Global HR Projects,2026-08-05T15:39:41.622000+00:00,28,False,31,226
1207164597191135,Internship ,2026-02-25T06:27:57.444000+00:00,190,True,6,13
1207191994455851,GGPM Digital PR Team - Aimée Rumsby,2026-02-25T06:27:58.543000+00:00,190,True,1,5
1207313861801903,Cross-functional project plan,2026-02-25T06:27:52.869000+00:00,190,True,3,5
1207317004088490,Client Experience SLT - Client Services Ops - Prioritisation,2026-06-04T16:07:37.726000+00:00,90,False,21,54
1207377560958306,Social Media L10,2026-07-03T23:19:29.369000+00:00,61,False,212,1010
1207478721609955,Duplicate of Sprint Website Process Template (USE),2026-02-25T06:27:57.045000+00:00,190,True,39,64
1207656213057743,Gravity Website,2026-02-25T06:27:59.341000+00:00,190,True,3,16
1207708514301697,Template - Standardised 30-day Client Onboarding,2026-08-28T21:33:28.844000+00:00,5,False,62,140
1207719087523191,Template - Enhanced QBR (Stage: Pilot round 2),2026-08-28T21:33:28.838000+00:00,5,False,29,61
1207745297082870,Tony Artwork Cover ,2026-02-25T06:28:01.520000+00:00,190,True,3,13
1207762720344399,TEMPLATE - Campaign generic (existing client),2026-08-28T21:33:28.787000+00:00,5,False,40,63
1207791372602229,Nemours Enhanced Q2BR,2026-02-25T06:27:53.358000+00:00,190,True,28,47
1207799740283116,Gravity Briefing Templates,2026-04-05T12:17:18.906000+00:00,150,False,3,20
1207840263393342,Thuong's projects,2026-02-25T06:27:54.683000+00:00,190,True,53,272
1207932518214722,Duong's Personal Task Management,2026-02-25T06:27:57.131000+00:00,190,True,7,13
1207945262643680,TEMPLATE - Campaign media (existing client - Nemours as example),2026-08-28T21:33:28.826000+00:00,5,False,22,38
1207954608242230,Template ,2026-02-25T06:27:57.789000+00:00,190,True,1,1
1207963643374848,Client Dashboard ,2026-02-25T06:27:57.847000+00:00,190,True,57,143
1208067453555636,Sam's Daily Tasks,2026-02-25T06:28:01.417000+00:00,190,True,8,20
1208093052990121,Tract Capital Managed Hosting - Job P0005294 ,2026-02-25T06:28:02.016000+00:00,190,True,6,105
1208136693780130,Bosley | Creative Requests,2026-06-30T22:36:42.269000+00:00,64,False,6,148
1208274449473480,Laura's 100 Days,2026-03-21T18:07:06.531000+00:00,165,False,21,161
1208310455853661,IDEO - Survey-based F.A.B. TEMPLATE,2026-02-02T15:27:17.759000+00:00,212,True,30,40
1208343884336082,General Creative Project Template,2026-04-19T06:48:18.631000+00:00,137,False,40,47
1208410307360543,Believ - F.A.B.,2026-02-08T12:06:35.808000+00:00,206,True,61,298
1208420102206121,Open Enrollment 2025,2026-02-15T00:32:24.753000+00:00,200,True,55,343
1208433846183384,Tobago | Guide updates,2026-04-25T05:57:28.175000+00:00,131,False,13,112
1208466312889707,Process overviews,2026-01-25T22:45:25.908000+00:00,220,True,3,10
1208489109122649,Custom Script testing project,2026-02-21T15:52:52.317000+00:00,193,True,5,128
1208491973394829,Media Process Documentation,2026-08-28T21:33:28.845000+00:00,5,False,16,122
1208512137086700,HHP Onboarding/Transition,2026-01-31T02:48:44.037000+00:00,215,True,5,7
1208552028063608,Annual Leave,2026-04-04T06:06:37.310000+00:00,152,False,8,39
1208613421846778,US Surge Session ,2026-08-28T21:33:28.866000+00:00,5,False,44,205
1208668469512935,Cross-functional project plan,2025-09-21T13:27:00.424000+00:00,346,True,3,9
1208693467242857,Project Management L10 Meeting,2026-04-02T18:42:02.728000+00:00,153,False,39,139
1208708301955132,Asana Success Planner,2026-02-01T18:30:38.080000+00:00,213,True,6,14
1208804214679221,BigCommerce - Paid Media PM Asana Template - Quarterly,2026-02-09T14:17:37.031000+00:00,205,True,41,75
1208895982548211,AI Council,2026-04-20T04:44:34.599000+00:00,136,False,46,226
1208959752825124,VOCO-Finance Finalization,2025-09-21T13:30:32.390000+00:00,346,True,2,4
1209037945671167,Workflow Specialist - Creative Requests,2026-04-02T18:42:02.733000+00:00,153,False,13,23
1209065390458986,Workflow Specialist: Socialization strategy,2025-09-21T13:31:37.026000+00:00,346,True,16,0
1209070063529842,Asana Onboarding Template,2026-02-14T11:39:07.150000+00:00,200,True,31,37
1209088554039420,Veristat - Internal paid task board,2026-07-01T22:30:52.557000+00:00,63,False,21,86
1209099039488163,FinT,2026-04-26T19:06:56.046000+00:00,129,False,28,227
1209106195634625,SoMe SLT WIP ,2026-03-21T22:27:08.331000+00:00,165,False,45,234
1209111585087501,StackGen Managed Service,2026-07-02T02:19:38.697000+00:00,63,False,6,9
1209124762823087,Onsite Training,2026-02-15T10:01:58.693000+00:00,200,True,1,3
1209202153796171,Gravity Intel L10,2026-04-26T11:38:57.811000+00:00,129,False,55,215
1209270269550738,Project - Match Fit,2026-02-21T00:57:53.905000+00:00,194,True,8,9
1209274054486691,MEDC - MPLS PROJECT TEMPLATE 2024 - Carli,2026-08-29T11:38:34.375000+00:00,4,False,44,71
1209274542619889,MPLS PROJECT TEMPLATE 2024,2026-07-11T01:03:50.628000+00:00,54,False,45,72
1209280160063465,MPLS PROJECT TEMPLATE 2024 - Carli,2026-08-29T11:38:34.375000+00:00,4,False,44,73
1209295376580303,Summer Internship Program 2025,2026-02-25T14:59:51.487000+00:00,189,True,5,14
1209322247320110,Practice Area Summit,2025-09-21T14:31:10.720000+00:00,346,True,1,1
1209331357012597,Asana Onboarding Template,2025-09-21T13:36:07.713000+00:00,346,True,30,31
1209354627552773,The Gravity Way Rollout,2026-02-22T16:55:53.939000+00:00,192,True,28,91
1209361505054264,P0004598 - VN Team Template Dashboard,2026-02-22T19:04:52.232000+00:00,192,True,10,70
1209364736768174,Asana Rollout,2026-03-02T11:42:05.906000+00:00,184,True,9,35
1209386444522059,Social Media - Project Template,2026-08-12T16:40:22.749000+00:00,21,False,45,51
1209423333082418,ESG - Environment and Climate Change,2026-03-28T00:43:24.461000+00:00,159,False,5,9
1209494907392735,Continuous Performance Management (CPM),2026-05-16T07:13:37.892000+00:00,110,False,43,273
1209503377452480,Producer Onboarding,2026-07-02T03:27:50.574000+00:00,63,False,19,46
1209550218166667,Airbus - A321 XLR - New visual -  P0009597.3.57,2026-03-08T04:34:10.626000+00:00,179,False,21,346
1209578699987022,Vietnam Playbook  ,2026-03-02T01:14:42.362000+00:00,185,True,12,73
1209578928524714,Requests,2026-07-02T03:34:01.924000+00:00,63,False,1,3
1209635536028914,Honda 2025,2026-07-02T02:22:57.310000+00:00,63,False,21,83
1209648538157513,Client facing-MS Project Template,2026-04-14T18:12:47.022000+00:00,141,False,2,7
1209730655259960,[DRAFT] Finance Requests - Content & Production,2026-09-01T17:02:05.357000+00:00,1,False,1,1
1209734868131566,Duplicate of Website Project Template,2026-07-02T03:41:51.572000+00:00,63,False,66,74
1209748469713605,P0010908 FY26 - CRF Fun Bikes Campaign ,2026-07-02T02:37:18.457000+00:00,63,False,27,190
1209794410655108,P0009700 - Allegiance Capital Corporation Dashboard,2026-07-01T22:33:11.322000+00:00,63,False,8,34
1209846013109075,Akzo Aerospace - PR 2025,2026-04-11T06:59:28.793000+00:00,145,False,3,6
1209849441454098,Monthly Close,2026-03-28T22:16:55.011000+00:00,158,False,1,0
1209874946790681,Creative/Video New Biz Requests ,2026-07-02T01:48:15.698000+00:00,63,False,5,32
1209957396336537,P0004598 - Client Portal,2026-07-01T21:53:40.488000+00:00,63,False,4,11
1210018467068307,Demo,2026-03-29T08:57:52.765000+00:00,158,False,2,28
1210056182565331,Marketing ideas inbox 🌱,2026-03-23T09:31:39.627000+00:00,164,False,9,19
1210105552946744,Vu / Duc 1:1,2025-09-21T13:57:09.776000+00:00,346,True,6,12
1210189067865249,Social Media Calendar,2026-07-02T03:25:25.190000+00:00,63,False,8,8
1210195579723227,P0002841-1-11-IBCI-EOCustodyDealing-FS,2025-09-21T13:58:06.390000+00:00,346,True,1,17
1210198276433178,Asana for resource planning ,2025-09-21T13:58:10.103000+00:00,346,True,11,0
1210232853367873,HieuNguyen-webhook,2026-03-28T17:22:09.446000+00:00,158,False,3,3
1210256812555002,EOR - Contractors- Offshore Talent: Global HR Project ,2026-04-05T13:33:13.997000+00:00,150,False,25,130
1210269472125753,Honda Personalization - Old Tickets,2026-07-02T02:21:41.307000+00:00,63,False,41,229
1210269472127811,Honda Phase 2 - Old Tickets,2026-07-02T02:22:03.392000+00:00,63,False,150,1057
1210285633832745,Project asana auto import,2026-03-29T04:54:31.972000+00:00,158,False,8,37
1210343147453054,Honda Powersports | CRM | P0010712,2026-07-20T22:19:13.250000+00:00,44,False,12,132
1210349074098996,Internal - NYBG - MS,2026-07-02T02:26:06.006000+00:00,63,False,6,46
1210356685161390,Honda Powersports | Digital Personas,2026-07-21T16:54:06.552000+00:00,43,False,11,23
1210386834127080,Managed Service | Template ,2026-07-17T15:18:06.978000+00:00,47,False,8,16
1210386975840249,Client facing-MS Project | Template,2026-07-17T15:17:40.554000+00:00,47,False,2,2
1210398297448868,"Andy, Rory, George - Group Finance Project Work ",2026-03-29T19:24:11.414000+00:00,157,False,5,5
1210412643491086,L10 Holiday Handover & Task Accountability Log,2025-11-25T14:48:25.316000+00:00,281,True,86,96
1210461130881735,Client facing-MS | Project Template,2026-07-17T15:18:20.688000+00:00,47,False,6,10
1210500372058196,Alto-Shaam US - April - June (P0009285),2026-06-03T11:47:03.547000+00:00,91,False,19,74
1210928761441809,Marketing Dr. Accounting Transisition,2026-04-11T14:35:01.260000+00:00,144,False,1,1
1210998309603249,P0011394 Dematic Website Audit,2026-07-02T03:21:31.516000+00:00,63,False,49,68
1211082929006116,Edge - Media Team Pod Structure,2026-04-13T00:23:56.228000+00:00,143,False,20,20
1211154586566103,miniMOTO Digital Media Tracker,2025-09-21T14:28:26.084000+00:00,346,True,94,94
1211377977815264,All Hands - Sept,2026-04-19T03:16:02.964000+00:00,137,False,14,37
1211395593256657,Pinpoint Q4 - Enhancements,2026-04-19T07:43:44.918000+00:00,137,False,7,9
1211523432092866,2026 Budget,2026-04-20T03:51:29.612000+00:00,136,False,6,34
1211547254427307,New Business - Deck Clean Up Requests,2026-04-20T06:56:28.570000+00:00,136,False,1,8
1211548240307868,HR Projects ,2026-04-20T07:01:32.938000+00:00,136,False,7,8
1211705098156379,Infosys - Internal Task Board,2026-07-03T23:19:29.401000+00:00,61,False,18,74
1211712904377238,Media Data Analytics - Dashboard Internal Feedback,2026-07-02T03:46:07.325000+00:00,63,False,1,1
1211721254960601,P0011247 Blueshift Materials Brand Strategy Deliverables,2026-07-02T03:47:45.719000+00:00,63,False,2,8
1211722469947885,NoHo Campaign,2026-07-02T03:48:30.283000+00:00,63,False,3,3
1211748152776431,Creative Ops,2025-10-25T15:30:40.901000+00:00,312,True,1,1
1211784426963311,Pod Structure,2026-05-02T02:59:00.423000+00:00,124,False,33,84
1211820931353824,SNAP,2026-07-03T23:19:29.384000+00:00,61,False,3,16
1211820933100839,Certas,2026-07-03T23:19:29.395000+00:00,61,False,5,18
1211823676932639,Infosys,2026-07-03T23:19:29.398000+00:00,61,False,7,16
1211825706684406,All Hands - Template,2025-11-03T17:10:05.186000+00:00,303,True,14,19
1211848018634151,EOR questions,2026-04-26T00:06:55.967000+00:00,130,False,4,14
1212005915856503,Global HR Transitions,2026-05-15T19:13:46.291000+00:00,110,False,9,10
1212241930115059,MY26 CBR Shoot ,2026-04-26T23:43:30.626000+00:00,129,False,35,36
1212241930115071,MY26 Pioneer Shoot ,2026-04-26T23:43:34.727000+00:00,129,False,35,36
1212241930115085,Content Series Creative Planning/Concepting,2025-12-02T20:43:14.644000+00:00,274,True,51,80
1212241930115104,MY26 Content Series Shoot Ep 2,2025-12-02T21:01:15.720000+00:00,274,True,35,47
1212241930115133,Honda Powersports | MY26 Content Series Shoot Ep 3 | P0013106,2026-07-22T19:21:46.954000+00:00,42,False,35,47
1212308341554076,UK 2026 Events Calendar,2026-07-24T23:20:41.390000+00:00,40,False,1,2
1212354962047187,Creative Template,2026-07-02T02:07:33.036000+00:00,63,False,8,13
1212382153250483,Promo Digital Media Tracker,2025-12-10T16:53:07.547000+00:00,266,True,10,30
1212391576202277,🎪 Event Request Tracker - Start,2026-07-02T03:21:17.199000+00:00,63,False,7,14
1212463040498365,Enhanced QBR (Stage: Release) Template,2026-08-28T21:33:28.841000+00:00,5,False,29,30
1212485129400925,Honda Powersports | Social | P003432,2026-07-14T23:00:24.357000+00:00,50,False,1,4
1212485129401000,September Model Release,2026-07-02T18:51:03.397000+00:00,62,False,8,21
1212485129401012,January Model Release,2026-05-20T20:33:52.376000+00:00,105,False,6,26
1212509905635619,North Light Media - All - P0012023,2026-07-02T18:54:39.426000+00:00,62,False,1,1
1212510075566397,INT Via Invoice Plan - P0011568,2026-07-02T18:53:32.780000+00:00,62,False,12,38
1212510539874819,IHA Action Items - P0011879,2026-07-02T18:54:37.756000+00:00,62,False,19,75
1212637752281699,AkzoNobel Interpon Powder Coatings,2026-07-02T18:56:49.790000+00:00,62,False,30,74
1212637755782463,DEMO - Interpon Powder Coatings PR,2026-07-02T18:56:51.963000+00:00,62,False,9,11
1212637755782518,Optex PR Calendar,2026-07-02T18:56:55.332000+00:00,62,False,20,44
1212650985215238,🚘 Via x MD New Client Intake,2026-07-02T18:58:00.671000+00:00,62,False,41,77
1212681573743532,Tipping Point Retainer - P0012099,2026-07-02T18:58:42.569000+00:00,62,False,47,98
1212802287357658,"Mar, 2026 DX Blog",2026-07-02T19:07:39.205000+00:00,62,False,11,31
1212909253528830,Honda Powersports | Embargo,2026-07-14T23:16:14.487000+00:00,50,False,8,16
1212975318887693,FDD - DR production,2026-05-03T12:25:05.782000+00:00,122,False,1,1
1212986863477368,P0012608 Fernet x Miller Partership Assets,2026-06-02T00:15:55.070000+00:00,93,False,7,16
1213039242273578,Audit FY25 - Timetable,2026-01-30T14:53:24.173000+00:00,215,True,17,17
1213039242273606,Gravity Audit - Resourcing plan,2026-01-30T15:04:27.768000+00:00,215,True,75,75
1213084150260481,OOH Demo,2026-02-02T16:18:14.474000+00:00,212,True,2,20
1213084169077353,Pod D - L10,2026-07-02T19:20:26.060000+00:00,62,False,3,6
1213084169077364,Honda Pod (Pod E) - L10,2026-07-02T19:20:23.457000+00:00,62,False,3,7
1213084169077375,Pod F - L10,2026-07-02T19:20:46.484000+00:00,62,False,3,6
1213166260490037,Airbus Connect Campaign GTM,2026-07-21T18:26:38.721000+00:00,43,False,53,119
1213187272261192,AI Team - Operational Hub - All tasks ,2026-02-09T06:44:38.166000+00:00,206,True,7,7
1213230459581553,Gravity OKR's,2026-05-04T11:28:15.481000+00:00,121,False,2,2
1213440787569430,Prisma Training & integration Tasks,2026-02-25T19:02:21.301000+00:00,189,True,2,6
1213518354757812,Middlesex County: 2026 The Nexus Signage and Way Finding,2026-07-06T17:21:45.489000+00:00,58,False,18,19
1213984525738671,Workflow Specialist: Socialization strategy,2026-04-08T16:13:13.523000+00:00,147,False,16,0
